PUBCHEM_CID,Activity_outcome,Canonical_SMILES
49790754,1,CC1=C(C=CC(=C1)OC)C2=C3C=COC3=C(C=C2)C(=O)NCC4=CC=NC=C4
3580213,1,C1=C(C2=C(N=CN=C2N1C3C(C(C(O3)CO)O)O)N)C(=S)N
575908,0,C1=CC=C(C=C1)N2C(=NN=N2)SC3=C(C=C(C=C3)[N+](=O)[O-])Cl
15055241,1,CC1(CC(=CC(=[N+]2CCCCC2)C1)N3CCCCC3)C.[I-]
373978,1,C1=C2C(=C(S1)C3C(C(C(O3)CO)O)O)N=CN=C2N
49786750,0,CC1(CC2=C(C=CN=C2O1)C3=CC(=CC=C3)C(=O)N)C(=O)NCC4=CC=CO4
11022589,1,CC(C)(C)C(=O)C(=CC1=CC=C(C=C1)Cl)N2C=NC=N2
425430,0,CN(CC1=CN=C2C(=N1)C(=NC(=N2)N)N)C3=CC=C(C4=CC=CC=C43)C(=O)NC(CCC(=O)O)C(=O)O
3243848,0,CCCOC1=CC2=C(C=C1)OC(=O)C3=C2CCCN3C(=O)CN4CCN(CC4)C5=NC=CC=N5
53299589,0,CC(C1=CC=CC2=CC=CC=C21)NC(=O)C3=C(N=C4C=C(C(=CC4=C3)OC)OC)N
3136846,0,COC1=CC2=C(C=C1)NC(C3C2C=CC3)C4=CC5=C(C=C4Br)OCO5
9283,1,C1=CC=C(C=C1)C2=NN([N+](=N2)C3=CC=CC=C3)C4=CC=CC=C4.[Cl-]
1348232,1,COC1=CC=C(C=C1)C=C2C(=O)N(C(=O)S2)CCCC(=O)NC3=CC=C(C=C3)C(=O)O
16395151,1,CC12CCC3C(C1(CCC2C4=CC(=O)OC4)O)CCC5=CC(CCC35C=NO)O
16008920,1,COC1=CC2=NC3=C(C=C2C=C1)C(=NN3C(=O)C4=CC=CC=C4Cl)N
16405308,1,CCC(C)C(C(=O)O)NC(=O)CCCNC(=O)CCC(=O)OC1C(C2CCC(C3C24C(O1)OC(CC3)(OO4)C)C)C
529495,1,CC1=CC2C(CC1OC(=O)CC(C)C)(C3(C(C(C(C34CO4)O2)O)OC(=O)C)C)COC(=O)C
3551106,1,CC(C)(C)NC1=NC(=NC2=CC=CC=C21)C3=CC=CC=N3
228424,1,C1=CC=C(C=C1)NNC(=O)CN(CC(=O)NNC2=CC=CC=C2)N=O
3168431,0,CC1=C(C=CC=C1Cl)NC(=O)CSC2=NN=C(N2CC3CCCO3)C
24793139,1,CC1=C(SN=N1)C(=O)NC2CCCC3=C2C=NN3C4=CC=C(C=C4)C(C)(C)C
852715,0,CCC1=CC2=C(C=C1)OC(=C2C)C(=O)NCC3=CC=NC=C3
2997820,0,CC(C(=O)OCC(=O)NC1=CC2=C(C=C1)OCO2)N3C(=O)C4=CC=CC=C4C3=O
1091600,0,CC(C)C(=O)N1CCN(CC1)C2=CC=CC=C2NC(=O)C3=CC=C(O3)[N+](=O)[O-]
6602959,1,C1CCC2=C(C1)C(=N)C3=C(N2CC4=CC(=C(C=C4)Cl)Cl)CCC3.Cl
4254388,0,C1C2=CC=CC=C2C(=O)N1C(CC3=CC=C(C=C3)O)C(=O)NN
4156786,0,CC1=CC(=CC=C1)CN2C(=O)CSC3=C2C=C(C=C3)C(=O)NC4CC4
16746116,1,CCC(CO)NC1=NC(=C2C(=N1)N(C=N2)C(C)C)NC3=CC(=CC=C3)Cl
2110030,1,CC1=C(NC(=C1C(=O)C)C)C(=O)OCC2=CC=C(O2)C(=O)OC
1236024,1,CCOC1=CC=C(C=C1)C(=O)NC2=CN(N=C2)CC3=CC(=C(C=C3)Cl)Cl
5719791,0,C1C(OC2=CC=CC=C2O1)C(=O)NN=CC3=CC=C(O3)[N+](=O)[O-]
16832497,0,C1COC2=C(O1)C=CC(=C2)NC(=O)CSC3=NN=C(O3)CNC(=O)C4=C(C=CC=C4F)F
649940,0,COC1=C(C=C(C=C1)CCNC(=O)CSC2=NN=C(O2)CNC3=CC=C(C=C3)Cl)OC
2616433,0,CC1=CC(=C(C=C1)SCC(=O)NC2=CC=C(C=C2)N3CCOCC3)C
6514881,1,CCN(CC)CC(C)(C)C(=O)C=CC1=CC=C(C=C1)C=CC(=O)C(C)(C)CN(CC)CC.Br
866500,0,CN(C1CCCCC1)C2=NC=NC3=C2C=NN3C4=CC=C(C=C4)OC
49792229,1,CN1C(=O)C2=C(N1CC3=CC(=CC=C3)C(F)(F)F)C=CC(=C2)NC(=O)CCC4=CC=C(C=C4)O
49778412,0,CC(=O)C1=CC=C(C=C1)C2=CN=C3N2C=C(C=C3NC=O)C4=CN=C(C=C4)OC
49790430,0,CC(C)NC1=NC2=C(C(=N1)NC3=CC=CC(=C3)C#C)SC=C2
3220834,0,COCC(=O)NC1CCN(CC1)CC(=O)NC2=C(C=C(C=C2)OC)[N+](=O)[O-]
3534903,1,CC1CCC2=C(C1)SC(=C2C(=O)O)NC(=O)C3=CC=C(O3)C
12004631,1,CC(C)C1=C2C(C3C4C(CC(C(C4(C2=CC(=O)O1)C)O)O)(C(=O)O3)C)O
6868549,0,CC1=CC2=C(C=C1C)N(C=N2)N=CC3=CC=C(S3)[N+](=O)[O-]
16238264,1,CCOC1=CC=C(C=C1)C2=CC(=[N+](C(=C2)C)CCC3=CC(=C(C=C3)OC)OC)C4=CC=C(C=C4)OCC.[O-]Cl(=O)(=O)=O
979677,0,CCOC1=C(C=C(C=C1Br)CNC2=CC3=C(C=C2)OCCO3)OC
135401471,1,CCN(CC)C1=CC(=C(C=C1)C=NNC(=O)C2=C(C=NN2C)Cl)O
53384112,0,C1CN(CCN1C2=CC=CC(=N2)C(F)(F)F)C(C3=CC4=CC=CC=C4O3)C(=O)NC5=CC=C(C=C5)F
44142330,1,CC(C)N1CCC2=C(C1)C(=C(S2)NC(=O)C)C3=NC4=CC=CC=C4S3
6877972,0,COC(=O)C1=CC=C(O1)COC2=CC=C(C=C2)C=NNC(=S)N
2815175,1,C1COC2=C(C=C(C=C2)C(=O)CN3C(=O)C4=CC=CC=C4S3(=O)=O)OC1
46943020,1,CC1=C(SC(=O)N1CC2=CC(=CC=C2)C(F)(F)F)C(=O)NC3=CC(=C(C=C3)OC)OC
46944020,0,COC1=CC(=CC(=C1OC)OC)C2=CN=C3N2C=C(C=C3NC=O)C4=CC=CC=C4Cl
6185,1,CC12CCC3C(C1(CCC2C4=CC(=O)OC4)O)CCC5(C3(CCC(C5)O)C=O)O
3243535,0,CC1=CC(=C(C=C1)NC(=O)CN2C3=C(C=C2C(=O)OC)OC=C3)C
2425634,0,C1COCCN1C2=CC=C(C=C2)NC(=O)COC(=O)C3=CC=CC=C3O
2876839,1,CC(C)C(=O)NC(C1=CC=C(C=C1)OC)C2=C(C3=C(C=CC=N3)C=C2)O
16188945,1,COC1=CC=CC=C1N2C=C(C=N2)C3CC4CN(C(=O)C45N3CCC5)C6=CC=CC=C6
24819943,0,COC1=CC=CC(=C1OC)COC(=O)C2CC(=O)N(C2)CC3=CC=CO3
53301248,1,CCOC(=O)C12CC3=C(C1N(C(=O)C4=CC=CC=C24)C5CCCCC5)C=CC(=C3)Cl
43795,0,C1CN(CCN1CC2=CC=CC=C2)C3=CC=C(C4=NO[N+](=C34)[O-])[N+](=O)[O-]
9616533,0,CC(=NNC(=S)N)C1(CCCCC1)C
146600,0,CC1C(C2=CC3=C(C=C2OC1N4CCCC4)OCO3)C5=C(C(=CC=C5)OC)O
866501,0,CC1=CC(=CC=C1)N2C3=C(C=N2)C(=NC=N3)N(C)C4CCCCC4
6604199,1,CC1CC(C(=O)C(C1)C(CC2CC(=O)NC(=O)C2)O)C
3932658,1,C1CN(CCN1C2=C(C=C(C=C2)C(=O)N)[N+](=O)[O-])S(=O)(=O)C3=CC=CS3
5759185,1,CC(C)(C)C(=O)C(=CC1=CC(=CC=C1)[N+](=O)[O-])N2C=NC=N2
392762,1,C[N+]1=C(C=C2N1C3=CC=CC=C3C2=CC4=CC=CC=C4)C5=CC=CC=C5.C(F)(F)(F)S(=O)(=O)[O-]
9551158,1,COC1=CC2=NC3=C(C=C2C=C1)C=C(O3)C(=O)NC4=CC(=C(C(=C4)OC)OC)OC
135497975,1,C1CC2=CC(=C(C3=C2N(C1)CCC3)O)C=NNC(=O)C4=CC=CC=C4O
12005560,1,CC1=CC=C(C=C1)C2=C[N+]3=CC=CC=C3N2CC4=CC=C(C=C4)OC.[Br-]
3163315,0,CCOC(=O)C1=CC(=C(C=C1)N2CCN(CC2)C(=O)C3=CC=CC=C3)NC(=O)C4=CC=CO4
16319468,0,CC(C)C(=O)NC1=CC=C(C=C1)C(=O)CN2C(=O)C3(CCOC4=CC=CC=C43)NC2=O
138252,1,C1=CC=C2C(=C1)C=CC(=O)C3=CC=CC=C23
5894133,1,COC1=C(C=C(C(=C1)C(=O)C=CC2=CN=CC=C2)[N+](=O)[O-])OC
2434777,0,C1=CC(=CN=C1)C=C2C(=O)N(C(=O)S2)CCNC(=O)CCl
2405293,0,CC1=CC(=CC(=C1NC(=O)CCl)C)SC#N
16335372,0,CCOC1=C(C=C(C=C1)CCNC(=O)COC(=O)C2=C(N(N=C2C)C3=CC=CC=C3)C)OCC
4593674,0,C1CCN(CC1)C2=C(C=C(C=C2)[N+](=O)[O-])C(=O)NCC3=CC4=C(C=C3)OCO4
778068,1,CC(C)(C)C1=CC=C(O1)C(=O)NC2=CC=C(C=C2)CC(=O)O
25237206,0,CC1=CC(=C(C=C1)C)C2=NC3=CC=CC=C3C(=C2)C(=O)NN=CC4=CN=CC=C4
11352,1,C1=CC=C2C(=C1)C=C3C(=N2)C=CC=C3N
663191,1,CN(C)C1=CC=C(C=C1)C2=NN3C(=NN=C3S2)C4=CC=CC=C4OC
49778350,0,CC1(CCN1C(=O)CC2=C(C=C(C=C2)Cl)Cl)C(=O)NCC3=CC=C(C=C3)Cl
325517,1,CC1C(C(=O)C2(O1)CC3C(C2OC(=O)C)(CC45N3C(=O)C(N(C4=O)C)(SS5)CO)O)(C)C
6859942,1,CC1=CC(=C(N1C2=CC=C(C=C2)OCC3=CC=C(C=C3)Cl)C)C=NN4C=NN=C4
4961737,0,C1=C2C(=CC(=C1NC(=O)CCl)Br)NC(=O)N2
652610,1,CS(=O)(=O)N1CCCC(C1)C2=NC(=NO2)C3=CC=C(C=C3)S(=O)(=O)NCC4=CC=CC=C4
2372624,0,CCCNC(=O)C1=C(C2=C(S1)CCCC2)C(=O)NC3=CC=CC=N3
667208,0,CC1=CC2=C(C3=C(CCC3)C(=O)O2)C(=C1)OC(C)C(=O)OC
135431416,0,COC1=CC=C(C=C1)NC(=O)CSC2=NC(=C(C(=O)N2)C3=CC=CC=C3)N
1173783,0,CCC(=O)NC1=CC=C(C=C1)NC(=O)CSC2=NC3=C(N2CC)C(=O)N(C(=O)N3C)C
49790538,0,CC(C1=CC(=CC=C1)OC)(C2=NC(=CS2)C3=COC=C3)O
266926,0,C1CCC(CC1)C2=CC(=O)NC(=O)N2
889237,1,CC1=CC=C(C=C1)CC(=O)NC2=CC=NC=C2
9684646,0,CC(=NNC1=NC2=CC=CC=C2N1)C3=CC=CC=N3
135411583,1,C1=CC=NC(=C1)C=NNC2=NN=CC(=O)N2
54691570,0,CC1=CC(=C(C=C1)NC(=O)CSC2=NC3=C(S2)C(=CC(=O)N3)O)Br
3634802,0,CC1=CC(=NN1)NC(=O)CSC2=NC3=C(C(=O)N2CCCN4CCOCC4)SC5=CC=CC=C53
1167228,1,COC1=CC(=C(C=C1)NC2=NC=NC3=C2C=C(C=C3)Br)OC
792334,1,C1=CC=NC(=C1)NC(=O)COC2=C(C=C(C=C2)Cl)Cl
16242056,1,CCC[N+]1(CCCCC1)CC#CCC(C2=CC=CC=C2)C3=CC=CC=C3.[Br-]
2242454,0,CN1C2=C(C=C(C=C2)NC(=O)CSC3=NN=C(N3C4=CC=CC=C4)C5=CC=CC=C5O)N(C1=O)C
49778338,0,CC(=O)NC1=CC(=CN2C1=NC=C2C3=CC=CC=C3)C4=CC(=CC=C4)NS(=O)(=O)C
1485477,0,CC1=CC(=NC2=C1C(=NN2C)NC(=O)CCl)C
4672615,0,CC1=NN=C(O1)SCC(=O)NC2=CC=C(C=C2)N3CCN(CC3)S(=O)(=O)C
9828429,1,CC1C(C(C(C(O1)OC2CCC3(C4CCC5(C(CCC5(C4CCC3=C2)O)C6=COC(=O)C=C6)C)C)O)O)O
6874331,0,CC1=CC=C(C=C1)NC(=O)COC2=C(C=C(C=C2)C=NNC(=S)N)OC
2922048,1,CCCCC(=O)NC(C1=C(C=C(C=C1)Cl)Cl)C2=C(C3=C(C=CC=N3)C=C2)O
3563955,0,CC1=NC(=C(C=C1)C#N)SCC2=NN=C(O2)C3=CC=C(C=C3)Cl
2998014,0,CC(=O)NC(CC1=CNC2=CC=CC=C21)C(=O)OCC(=O)NC3=CC4=C(C=C3)OCO4
5013282,0,CCN(CC)S(=O)(=O)C1=C(C=CC(=C1)NC(=O)CCCOC2=CC=C(C=C2)C(=O)C)C
5310383,0,C1CC(OC1)CNC(=O)CN2C=NC3=C(C2=O)N=NN3C4=CC=CC=C4
9618155,0,C1=CC=NC(=C1)SC2=CC=C(O2)C=NNC(=O)C3=CC(=CC=C3)[N+](=O)[O-]
1930124,0,CCCCN1C(=C(C2=NC3=CC=CC=C3N=C21)S(=O)(=O)C4=CC=C(C=C4)C)NS(=O)(=O)C5=CC=CC=C5
3155810,0,CC1=CC=C(C=C1)C2=NN3C(=NN=C3SC2)COC4=CC=C(C=C4)OC
135517114,1,CC1=CC(=NN1CC2=CC=C(C=C2)C(=O)NN=CC3=C(C=C(C=C3)O)O)[N+](=O)[O-]
9563275,0,CC1=NC2=CC=CC=C2N1N=CC3=CC=C(O3)[N+](=O)[O-]
2548574,0,C1CCN(C1)S(=O)(=O)C2=CC=C(C=C2)NC(=O)C3=CC=C(O3)[N+](=O)[O-]
6404314,0,CN(C)C1=CC=C(C=C1)NC(=O)CSC2=NC(=C(N=N2)C3=CC=CO3)C4=CC=CO4
16188793,1,CCN1C2=CC=CC=C2SC1=CC3=[N+](C=C(S3)C4=CC=CC=C4C)C.[I-]
7203047,0,C1COC(=CO1)C(=O)NC2=NC3=CC4=C(C=C3S2)OCCO4
2064069,0,C1=CC=C(C=C1)C(=O)C2=CC=CC=C2NC(=O)CCl
1485941,0,C1COCCN1C2=C(C=C(S2)C(=O)C3=CC=CC=C3)C4=CC=CC=N4
6272469,0,CC1=CC=CC=C1OC2=C(C(=O)N3C=CC=C(C3=N2)C)C=C(C#N)C(=O)NC4CCS(=O)(=O)C4
2114988,0,CC(=O)NC(CC1=CNC2=CC=CC=C21)C(=O)OCC(=O)NC3=CC4=C(C=C3)OCO4
2965599,0,CC1=CC(=C2C(=C1)C(=CC(=N2)C3=CN=CC=C3)C(=O)NC(C)C4=C(N(N=C4)C)C)C
135438768,1,C1=CC=C(C=C1)NC(=O)CSCC(=O)NN=CC2=C(C=CC3=CC=CC=C32)O
299645,1,CC1=C(C(=O)CC2(C1CC3C45C2C(C(C(C4C(C(=O)O3)OC(=O)C=C(C)C)(OC5)C(=O)OC)O)O)C)O
24816549,0,CCOC1=C(C=C(C=C1)CCNC(=O)COC(=O)CCC(=O)C2=CC=CS2)OCC
1150803,1,CC(C)(C)C1=CC=C(C=C1)C(=O)NC2=CC=C(C=C2)C(=O)NCC3=CN=CC=C3
430232,1,CC1=CC2C3(CC1O)COC(=O)C4C(O4)(C(COC(C=CC=CC(=O)OC5C3(C6(CO6)C(C5)O2)C)C(C)O)O)C
2610879,0,C1COCCN1C2=CC=C(C=C2)NC(=O)COC3=CC4=C(C=C3)C=CC(=O)O4
18564987,1,C1CC2=C(C=CC(=C2)NC(=O)C3=C(C=CC(=C3)[N+](=O)[O-])Cl)N(C1)C(=O)C4=CC=CO4
899545,0,COC1=CC(=C(C=C1)NC(=S)NCCC2=CC=C(C=C2)F)OC
285026,1,C1CN2C3=CC=CC=C3C4=CC=CC=C4C2=N1
5888189,0,CC(C(=O)NC1=CC=C(C=C1)C(=O)C)ON=C(C2=CC=CC=C2)N
2871851,1,CC(=O)NC(C1=CC=C(C=C1)Cl)C2=C(C3=C(C=CC=N3)C=C2)O
5294973,0,CCC(=O)N1CCN(CC1)C2=C(C=C(C(=C2)NCC3CCCO3)F)[N+](=O)[O-]
3976162,0,C1CCCC2(CC1)C(=O)N(C(=O)N2)CC(=O)NC3=CC=C(C=C3)[N+](=O)[O-]
3245562,0,C1COC2=C(O1)C=CC(=C2)NC(=O)CSC3=NN=C(O3)CNC(=O)C4=CC=CC=C4F
2914378,1,CCCNC1=C(C(=O)C2=CC=CC=C2C1=O)N(C3=CC(=CC=C3)F)C(=O)C
848023,0,CC1=CC(=NC(=C1C#N)SCC2=NN=C(O2)C3=CC=CC=C3)C
3645747,0,CC1CCCC(N1C(=O)COC(=O)CC2=CC=C(C=C2)Cl)C
73549,1,C1=CC=C2C(=C1)C(=O)N3C4=CC=CC=C4C(=O)C3=N2
233768,1,CC1CC(CC(C1=O)C(CC2CC(=O)NC(=O)C2)O)(C)OC(=O)C
15944722,1,CC1=CC(=C2C(=C1)N=C(S2)NNC(=O)C3=CC=C(C=C3)S(=O)(=O)N4CCC5=CC=CC=C5C4)C
3129251,1,CCCCC(=O)NC(C1=CC=C(C=C1)Cl)C2=C(C3=C(C=CC=N3)C=C2)O
649767,0,CCCCC1=C(N=C(NC1=O)SCC(=O)NC2=CC3=C(CCC3)C=C2)O
24761059,1,CN1C=C(C2=C1C=CC(=C2)Cl)C=CC3=CC=[N+](C=C3)C.[I-]
12005562,1,CCOC1=CC=C(C=C1)N2C3=[N+](CCCCC3)C=C2C4=CC=C(C=C4)OC.[Br-]
135452588,1,CC1=C(C(=NO1)C2=CC=CC=C2)C(=O)NN=CC3=C(C(=CC=C3)OC)O
2355337,0,CN(C)C1=CC=C(C=C1)C(=O)OCC(=O)NC2=CC=C(C=C2)N3CCOCC3
76357,1,CC1=C(C2=C(C3=C1C=CC=N3)N=CC=C2)C
24747178,0,COC1=CC=CC=C1NC2=NC(=NC(=N2)NCCCCO)N3CCCC3
1299980,0,CCN1N=C(N=N1)NC(=O)C2=CC=C(O2)[N+](=O)[O-]
3237652,0,CC1=C(C=C(C=C1)NC(=O)CN2CCN(CC2)S(=O)(=O)C3=CC=C(C=C3)OC)F
2604427,0,CC1=C(C=CC=C1Cl)NC(=O)CNC2=CC=CC=C2F
135831466,0,CCOC1=CC=C(C=C1)NC(=O)CSC2=NC3=C(C=NN3)C(=O)N2
1321013,1,C1COCCN1CC2=CC=C(C=C2)C(=O)NC3=CC=C(C=C3)CSC4=CC=CC=C4
45280982,1,C=CC(=O)N1CC(=CC2=CC=CC=C2)C(=O)C(=CC3=CC=CC=C3)C1
46930969,1,CC1=C([N+]2=CC=CC=C2N1CC=CC3=CC=CC=C3)P(=S)(C4=CC=CC=C4)C5=CC=CC=C5.[Br-]
2329643,0,COC1=CC(=CC(=C1OC)OC)C2=NC3=CC=CC=C3C(=C2)C(=O)NC4=CC=NC=C4
818740,0,C1=CC=C(C=C1)N(C2=CNC3=CC=CC=C32)C(=O)CCl
2347030,0,CC(=O)NC1=CC=C(C=C1)NC(=O)COC(=O)C2=CC=C(O2)[N+](=O)[O-]
46944099,0,CC(C1=CN=CC=C1)(C2=NC(=CS2)C3=CC=CC(=C3)C#N)O
713065,0,CCN1C(=NN=C1SCC(=O)NC2=CC=C(C=C2)Cl)C3CC3
3000575,1,CC(=NNC(=S)NC1=CC=CC=C1)C2=CC=CC=N2
11957513,1,CC1C(C(C(C(O1)OC2CC(C3(C4C(CCC3(C2)O)C5(CCC(C5(CC4O)C)C6CC(=O)OC6)O)CO)O)O)O)O
3496119,0,C1=CC(=CC(=C1)C(F)(F)F)CNC(=O)C2=C(C(=CC=C2)Cl)Cl
2102349,0,CC1=CC(=C(N1CC2=CC=CS2)C)C(=O)CSC3=CC=C(C=C3)NC(=O)C
3136121,1,CC(=O)NC(C1=C(C=C(C=C1)Cl)Cl)C2=C(C3=C(C=CC=N3)C=C2)O
2548270,1,CC1=C(SC2=NC=NC(=C12)NCCC3=CC=C(C=C3)S(=O)(=O)N)C
744674,0,CC1=CC(=NC(=C1C(=O)N)NC2=CC=CC3=CC=CC=C32)C
9609431,1,CC1=CC(=C(C(=C1)C)S(=O)(=O)N=C2C=C(C(=O)C3=CC=CC=C32)NC4=CC=C(C=C4)C(=O)O)C
2336835,1,C1=CC=C(C=C1)C2=CSC(=N2)NC(=O)C3=CC=CC=C3NS(=O)(=O)C4=CC=C(C=C4)F
7259160,0,CC1=CC2=NC(=NC(=O)N2C=C1)SCC(=O)NC3=CC4=C(C=C3)OCCO4
661682,0,COCCN1C(=C(C2=NC3=CC=CC=C3N=C21)C(=O)NCC4CCCO4)N
5238865,0,CC1CC(=O)C(C(=O)C1)C2C3=CC(=C(C=C3CCN2C(=O)CCl)OC)OC
4319230,1,CN(C1CCCCC1)C2=NC=NC(=C2[N+](=O)[O-])N
6540216,0,CC1=CC2=C(C(=C1C3=CC=C(C=C3)NC(=O)C)C)C(=CC(=O)O2)C4=CC=CC=C4
135521528,0,CC1=C(C(=CC=C1)NC(=O)CSC2=NC3=C(C=NN3)C(=O)N2)C
16192614,1,CCCCCCCCN1C2=C(CCCC2)C(=N)C3=C1CCC3.Br
11958727,1,CCN1C2=CC=CC=C2SC1=CC3=[N+](C4=C(C=CC=C4C=C3)C)CC.[I-]
1468086,0,CCC1=NC(=C2C3=C(CCCC3)SC2=N1)N4CCN(CC4)C(=S)NCC
9646000,0,C1=CC2=C(C=CN=C2C=C1Cl)NN=CC3=CC=C(O3)[N+](=O)[O-]
16682556,1,CCN(CC)CC[N+]1=C(C=C(C=C1C)C2=CC=C(C=C2)OCC)C3=CC=C(C=C3)OCC.[O-]Cl(=O)(=O)=O
404472,1,COC1=CC=C(C=C1)CC2C(OC3(O2)C=CC(=O)C=C3)CC4=CC=C(C=C4)OC
22829045,1,COC1=CC=C(C=C1)S(=O)(=O)N=C2C=C(C(=O)C3=CC=CC=C32)NC4=CC=C(C=C4)O
53301276,1,CCOC(=O)C12CC3=C(C1N(C(=O)C4=C2C=CC(=C4)OC)C5CCCCC5)C=CC(=C3)C
16196252,1,CC(C)(C)C1=CC=C(C=C1)C2=CN(C3=[N+]2CCCS3)C4=CC=C(C=C4)Br.[Br-]
16193337,1,CC1=CC(=C(C=C1)OC)NC(=O)C2=C(N(N=N2)CC3=CC(=CC=C3)C(F)(F)F)N
3238394,0,C1CCC2(C1)OC(=CC(=O)O2)C3=CC=CC=C3
851992,0,CN1C2=CC=CC=C2N=C1CN3CCN(CC3)C4=CC(=CC=C4)Cl
15945706,1,CCCN1C2=C(CCCC2)C(=N)C3=C1CCC3.I
1091676,0,CC1=C(C=C(C=C1)C2=NN3C(=NN=C3S2)C)NC(=O)C4=CC=CS4
9616928,0,CC1=NC2=CC=CC=C2N1N=CC3=CC=C(S3)[N+](=O)[O-]
6497642,0,CC1=C(C=C(C=C1)N2CC(CC2=O)C(=O)NC3=NC4=C(S3)C=C(C=C4)S(=O)(=O)C)C
53299763,0,CC1=CC2=NC(=C(N2C(=C1Br)C)CC3=CSC=C3)C4CCCCC4
661482,0,COC1=CC=CC(=C1O)C2=NC3=CC=CC=C3C(=N2)NCC4CCCO4
5346844,0,CC1=NO[N+](=C1COC2=CC=C(C=C2)C=C3C(=O)NC(=S)N3)[O-]
927567,0,C1CN(C2=C1C=C(C=C2)C=O)CC3=CC=CC=C3
5072070,1,COC(=O)C1=CN(C(=O)C2=CC=CC=C21)NC(=O)C3=C(C=CC(=C3)[N+](=O)[O-])F
36462,0,CC1OCC2C(O1)C(C(C(O2)OC3C4COC(=O)C4C(C5=CC6=C(C=C35)OCO6)C7=CC(=C(C(=C7)OC)O)OC)O)O
1771880,0,C1CC2=C(C1)C(=O)OC3=C2C=CC(=C3)OCC(=O)N4CCC(CC4)C(=O)N
24981228,0,CCOC1=CC=C(C=C1)NC(=O)COC(=O)C2=C(C=CC(=C2)[N+](=O)[O-])N3CCOCC3
5307366,0,C1CN(CCN1C2=NC3=C(C=C(C=C3)C(=O)C4=CC=CC=C4)N5C2=NN=C5)C(=O)C6=CC=CO6
1080609,1,CC1=C(C(=C(C=C1)S(=O)(=O)NCC2=CC=NC=C2)C)C
4389752,0,COC1=CC=C(C=C1)CCNC(=O)COC(=O)C23CC4CC(C2)CC(C4)(C3)Br
6603320,1,CCC1CN2CCC3=CC(=C(C=C3C2CC1CC4C5=CC(=C(C=C5CCN4)OC)OC)OC)OC.Cl
3423840,0,CNC1=C(N=CC=C1)C=NNC(=S)N
2948274,0,C1CC(OC1)CNC(=O)C2=CC=C(C=C2)NC(=O)C3=CC(=CC=C3)[N+](=O)[O-]
6603246,1,CCCCN1C2=C(CCC2)C(=N)C3=C1CCC3.I
327536,1,CC(=O)OC1CCC2(C(C1(C)C)CC(C3=CC(CCC2=O)C(=C)C3=O)O)C
831366,0,C1CC(=NC2=C(C=C(C=C2)Br)C#N)N(C1)C3=CC=CC=C3
2475269,0,COC1=CC=C(C=C1)NC(=O)CSC2=NC=NC3=C2C=NN3
24761158,1,CC1=CC2=C(C=C1)NC(=C2C=CC3=CC=[N+](C=C3)C)C.[I-]
4263090,0,CN1CCN(CC1)C2=CC=C(C=C2)C3=NC4=CC=CC=C4C=C3
400634,0,C1=CC=C2C(=C1)C3=CC=CC=C3C(=O)C2=C(I)I
771515,0,CCN1C2=C3C(=C(C=C2)N)C=CC=C3C1=O
651883,1,CCNC1=NC(=NC(=N1)SC(C(=O)C)C(=O)C)NC(C)(C)C
44602021,0,C=CS(=O)(=O)N(CC1=CC(=C(C=C1)Cl)Cl)CC(CO)O
25161481,1,CN(CCOC1=CC=C(C=C1)Cl)C(=O)C2=CC(=CC=C2)S(=O)(=O)N3CCN(CC3)C4=CC=C(C=C4)F
45479889,1,CC1=C[N+]2=C(C=C1)C(=C3C=CC4=CC=CC=C4C3=C2)C.OCl(=O)(=O)=O
2833933,0,CC1=CC=C(C=C1)NC2=C(C(=O)C3=CC=CC=C3C2=O)N4CCCCC4
973047,0,CC1=C(SC(=N1)C)C2=CSC(=N2)NC3=CN=CC=C3
727593,1,C1CC2=C(C1)SC3=NC=NC(=C23)NCCC4=CC=CS4
25162391,0,C1C=CCC2C1C(=O)N(C2=O)CCC(=O)OCC(=O)NCCC3=CC=C(C=C3)F
2743488,0,C1CCN(C1)C(=O)C2=CC(=C(C=C2)OC3=CC=C(C=C3)Cl)[N+](=O)[O-]
91467,1,CC1CC(CC(C1=O)C(CC2CC(=O)NC(=O)C2)O)(C)O
4459862,0,CC(=O)N1CCC2=C(C1)SC(=C2C(=O)OC)NC(=O)C3=CC=CO3
5470076,1,CN(C)CC1CCCC(=CC2=CC=C(C=C2)OC(=O)C3=CC=C(C=C3)Cl)C1=O.Cl
2409986,1,CC1=CC(=C(N1CC2=CC=CS2)C)C(=O)COC(=O)C3=CC=CC=C3O
56603505,1,CCN1C2=CC=CC=C2C(C1=CC=CC3=[N+](C4=CC=CC=C4C3(C)C)CC)(C)C.[O-]Cl(=O)(=O)=O
990988,0,COC1=CC(=CC(=C1OC)OC)C(=O)NC2=CC=CC=C2C(=O)NC3=CC=CC=N3
5109487,0,C1CC(=O)N=C2N(C1)N=C(S2)SCC(=O)NC3=CC=C(C=C3)Br
1287749,0,COC1=CC=CC(=C1)C(=O)COC2=CC=CC(=C2)NC(=O)C3=CC(=CC=C3)[N+](=O)[O-]
6872805,0,CC1=CC(=C(N1C2=CC(=C(C=C2)Cl)Cl)C)C=NNC(=S)N
15945818,1,CCC1=C[N+](=C(C=C1)C=CC2=CNC3=CC=CC=C32)CC.[I-]
2134372,1,CC1=CC=C(C=C1)S(=O)(=O)C(=CCl)NC(=O)C2=CC=CC=C2
268762,1,CC(C)(C)NCC(=CC1=CC=CC=C1)C(=O)C2=CC=CC=C2
16277799,0,CC1=CC=NC2=NC(=NN12)C(=O)OCC(=O)NC3=C(C=C(C=C3)[N+](=O)[O-])Br
3940993,0,CC1=C(C(=O)N(C(=C1C#N)O)CCO)N=NC2=CC3=C(C=C2)C(=O)OC3
253602,1,CC(=O)OC1C(CNC1CC2=CC=C(C=C2)OC)O
3235712,0,COC1=C(C=C2C(N(CCC2=C1)C(=O)C3=CC=CO3)COC4=CC=C(C=C4)C(=O)OC)OC
644215,1,C1=CC(=CC(=C1)Cl)NC2=NC=CC(=N2)C3=CC(=NC=C3)NCCCO
24747936,0,C1CCC(CC1)(C#CC2=CC3=C(C=C2)C(=O)C4=CC=CC=C4O3)O
275684,0,C1=CC=C(C=C1)CS(=O)C2=C(C=C(C=C2)[N+](=O)[O-])[N+](=O)[O-]
136153826,0,C1CCC(C1)N2C(=NN=N2)C3=NC4=CC5=CC=CC=C5C=C4NC3=O
16404087,1,CC1CCC2C(C(OC3C24C1CCC(O3)(OO4)C)OC(=O)CCC(=O)NC(C)(C)CO)C
2412986,0,CCOC1=C(C=C(C=C1)CCNC(=O)COC(=O)C2=NN3C(=CC(=NC3=N2)C)C)OCC
829409,0,CC1=CC=C(C=C1)N2C(=NN=N2)C3=CC=CC=C3Br
2489975,0,C1=CC=C(C(=C1)NC(=O)C2=CN(N=C2C3=CC=C(C=C3)[N+](=O)[O-])CCC#N)Br
4803891,0,CCOC1=CC=C(C=C1)NC(=O)COC(=O)C2COC3=CC=CC=C3O2
49790189,0,COC1=CC=CC=C1C2=CN3C(=CN=C3C(=C2)NC=O)C4=CC=C(C=C4)S(=O)(=O)C
9557743,0,C1=CC=C2C(=C1)N=C(N2N=CC3=CC=C(S3)[N+](=O)[O-])N
657705,1,CCOC(=O)C1=NC2=CC=CC=C2C1=[N+]=[N-]
9561388,0,CC(=NNC(=S)N)C1=CC=NC=C1
16193145,1,CCN1C2=C(C=C(C=C2)C)SC1=CC3=[N+](C4=C(C=C3)C=C(C=C4)C)CC.[I-]
12871037,1,CC[N+]1=CC=C(C2=CC=CC=C21)C=CC3=CC=C(C=C3)N(C)C.[I-]
2368087,0,CC1=CC(=C(N1C2=CC=CC=C2)C)C3=NN=C(O3)SCC(=O)NC4=CC=CC=C4C(F)(F)F
6860866,0,COC1=C(C=C(C=C1)CCN2C(=O)CSC2=NNC(=O)C3=CC(=CC=C3)OC)OC
16196247,1,C1CC2=[N+](C=C(N2C3=CC=CC=C3)C4=CC=CS4)C5=CC=CC=C51.[Br-]
2537908,1,C1CN(CCN1CCOC2=CC=C(C=C2)Cl)C3=C4C=CSC4=NC=N3
703759,1,CC1=NN(C(=O)C2=CC=CC=C12)C3=NC4=CC=CC=C4N3
16314235,1,CCCN1C(=CC(=C1C)C(=O)CN2C(=O)C3=CC=CC=C3S2(=O)=O)C
634713,0,CC1=CC(=NN1C2=NC(=NC(=N2)NC3=CC=CC=C3C(F)(F)F)N4C(=CC(=N4)C)C)C
49786937,0,CC(C1=CC(=CC=C1)OC)(C2=NC(=CS2)C3=CC=C(C=C3)S(=O)(=O)C)O
4975212,0,CCC1=CC(=O)OC2=C1C=CC(=C2C)OCC(=O)NCCN3CCOCC3
5130254,1,CC(=NNC(=S)N1CCN(CC1)C2CCCCCC2)C3=CC=CC=N3
24980087,0,CC(C)C(C(=O)OCC(=O)NC1=CC=C(C=C1)N2CCOCC2)NC(=O)OCC3=CC=CC=C3
5349700,0,CCCC1=CC=C(C=C1)C(=O)ON=C(C2=CC=CC=N2)N
1010323,1,COC1=CC=C(C=C1)C(=O)NC2=CC=C(C=C2)S(=O)(=O)N3CCC4=CC=CC=C43
135900555,0,CC(=O)NC1=CC=C(C=C1)NC(=O)CSC2=NC(=C(C(=O)N2)NC(=O)C3=CC=CO3)N
2550807,0,C1=CC=C(C(=C1)CC(=O)OCC(=O)NCC2=CC=C(C=C2)Cl)[N+](=O)[O-]
793761,1,C1=CC=C(C=C1)NC2=C3C(=C(SC3=NC=C2)C#N)N
2220183,0,CCC(=O)N1CCN(CC1)C2=CC=C(C=C2)NC(=O)C3=CC=C(O3)[N+](=O)[O-]
2545001,0,CC(=O)C1=CC=C(C=C1)NC(=S)NC2=CC=CC3=C2C=CN=C3
786590,0,CC1=C(SC(=C1C(=O)NC2=CC=CC=C2)NC(=O)C(C)C)C
16188788,1,C1CC23C(CC(N2C1)C4=CC5=CC=CC=C5O4)CN(C3=O)C6=CC=CC=C6
917183,1,CC1=CC=C(C=C1)C(=O)SC2=CC=CC=CC2=O
355710,0,C1=CC=C(C=C1)C(=O)NC2=CC=CC=C2C(=O)NC3=NC=CS3
4445081,1,CCC(C)N1C(=O)N(C=N1)C2=CC=C(C=C2)N3CCN(CC3)C4=CC=C(C=C4)O
2866290,0,C1=CC2=C(C=C1NC(=O)C3=CC=C(O3)[N+](=O)[O-])N=C(O2)C4=CC=NC=C4
49778380,1,COC1=C(C=C(C=C1)NC(=O)C2CC3=C(C=CN=C3O2)C4=CC5=C(C=C4)OCO5)OC
752492,0,COC1=CC=C(C=C1)C2=CC(=O)OC3(O2)CCCCC3
6842,1,C[N+]1=C2C=C(C=CC2=CC3=C1C=C(C=C3)N)N.[Cl-]
274159,1,CC12CCC(CC1CCC3C2CCC4(C3(CCC4C5=CC(=O)OC5)O)C)O
24817974,0,CCOC1=C(C=C(C=C1)CCNC(=O)COC(=O)CSC2=CC=CC=C2C)OCC
3245684,0,C1COCCN1CCNC(=O)C2=CC3=C(C=C2)SCC(=O)N3CC4=CC=CC=C4F
5717105,1,CCN1C(=CC2=[N+](C3=CC=CC=C3C=C2)CC)C=CC4=CC=CC=C41.[Cl-]
6711209,1,CC1=CC2C(CC1)(C3(C(CC(C34CO4)O2)OC(=O)C)C)C
5310347,0,CC(C(C1=CC=CS1)N2CCN(CC2)C3=CC=CC=C3)NC(=O)C4=CC=CO4
4027300,0,CC(C)CC1(C(=O)N(C(=O)N1)CC(=O)NC2=CC3=C(C=C2)OCCO3)C
148471,0,C1=CC(=CN=C1)NC(=O)C2=CC=C(O2)[N+](=O)[O-]
16404356,1,CCC(C)NC(=O)CCC(=O)OC1C(C2CCC(C3C24C(O1)OC(CC3)(OO4)C)C)C
46943089,0,CC(=O)NC1=CC(=CN2C1=NC=C2C3=CC=C(C=C3)F)C4=CN=CC=C4
135519961,1,CC1=NC=C(C(=C1O)C=NNC(=O)C2=CC3=C(S2)CCCC3)CO
16405098,1,CC1=CC(=C(C=C1)NC(=O)C(CC2=CNC3=CC=CC=C32)NC(=O)C4CC5=CC=CC=C5CN4)C
854704,0,CCCC1=CC(=O)OC2=C1C=C3C(=COC3=C2)C
44601539,1,CC1=CC(=C(C(=C1)C)CN2CCN(CC2)C(=O)CN3C=NC4=C(N=CN=C43)NCC5=CC=CC=C5)C
2166356,1,CC1=C(N=C(S1)NC(=O)C=CC2=CC3=C(C=C2)OCO3)C4=CC=CC=C4
24892684,0,CC(C)N1CCC2=C(C1)SC(=C2C(=O)OC)NC(=O)C3=CC=C(O3)[N+](=O)[O-].Cl
5153,1,C1=C(C2=C(N=CN=C2N1C3C(C(C(O3)CO)O)O)N)C(=O)N
6865722,1,COC1=CC=C(C=C1)C=NNC(=O)C2=C(C3=C(N2)C=CC(=C3)Br)C4=CC=CC=C4
19615542,0,CC1=C(C(=NN1CC(=O)NC2=CC=C(C=C2)N3CCOCC3)C)Cl
49795208,0,CC(=O)NC1=CC(=CN2C1=NC=C2C3=CC=C(C=C3)S(=O)(=O)C)C4=CC=CC=C4N(C)C
9541975,0,CC(=O)NC1=CC=C(C=C1)NC(=O)COC2=CC=CC=C2C(=O)NCCOC3=CC=C(C=C3)OC
7207117,0,CC1=C(C(=CC=C1)NC(=O)CSC2=NN=C(C=C2)C3=CC=CO3)C
1602347,1,CCCOC1=CC=C(C=C1)CC2=C(N=C(N=C2Cl)SC)NC
46944144,0,CC(C1=CC(=CC=C1)OC)(C2=NC(=CS2)C3=CC=CC(=C3)COC)O
135460515,1,CCN(CC)C1=CC(=C(C=C1)C=NNC(=O)C2=CC(=CC=C2)S(=O)(=O)N3CCOCC3)O
2427072,0,CCOC1=CC=C(C=C1)NC(=O)COC(=O)C2=NC=C(C(=C2Cl)Cl)Cl
2058973,0,COC1=CC=C(C=C1)S(=O)(=O)NC2=CC3=C(C4=CC=CC=C42)OC5=C3C(=O)CCC5
135584543,0,CC1=CC(=NC2=C1C(=O)NC(=N2)SCC(=O)NC3=CC=C(C=C3)OC)C
1291067,0,C1CC(CCC1CC2CCC(CC2)NC(=O)C(Cl)Cl)NC(=O)C(Cl)Cl
5351204,1,CC1CCCC=CC2CC(CC2C(C=CC(=O)O1)O)O
958637,0,C1=CC2=C(C(=C1)Cl)N=C(S2)NC(=O)C3=CC=C(O3)[N+](=O)[O-]
969886,1,C1=CC(=CC=C1CNC(=S)NC2=CC=NC=C2)Cl
1851222,0,COC1=C(C=C2CN(CCC2=C1)C(=O)C3=CC=C(O3)[N+](=O)[O-])OC
3551941,0,C1=CC(=CC=C1N=NC2=C(NC3=C2C=C(C=C3)Br)O)S(=O)(=O)N
2471183,0,C1=CC(=CC=C1C=C2C(=O)N(C(=O)S2)CCNC(=O)C3=NC=CN=C3)OC(F)F
46943517,1,CC1=C(C=CC(=C1)OC)C2=COC3=C2C=CC=C3C(=O)NCC4=CC(=C(C=C4)OC)OC
4295603,1,CC1(CC2CC(C1)(CN2S(=O)(=O)C3=CC=C(C=C3)C(=O)NC4=CC(=CC=C4)S(=O)(=O)N5CCOCC5)C)C
9678236,0,C1=CC=C(C=C1)C(C(=O)NN=CC2=CC=C(S2)[N+](=O)[O-])O
6197,1,CC1CC(C(=O)C(C1)C(CC2CC(=O)NC(=O)C2)O)C
838877,1,C1=CC=C(C=C1)C2=CC=C(C=C2)C3=NC(=NO3)C4=CC=CC=N4
49786900,0,COC1=CC=CC(=C1)C2=CN=C3N2C=C(C=C3NC=O)C4=CC=C(C=C4)S(=O)(=O)C
1090052,1,C1CN(CCN1C2=CC=C(C=C2)NC(=O)C3=CC4=C(C=C3)OCO4)C(=O)C5=CC=CO5
2236092,0,C1CCN(C1)S(=O)(=O)C2=CC(=C(C=C2)OCC(=O)NCC3=CC4=C(C=C3)OCO4)Cl
2628256,0,C1COCCN1C2=CC=C(C=C2)NC(=O)COC(=O)C3=CC(=CC=C3)O
9115291,0,C1CN(CCN1C(=O)CCl)S(=O)(=O)CC2=CC=CC=C2
2215518,0,CCC(=O)NC1=NN=C(S1)SCC(=O)NCCC2=CC(=C(C=C2)OC)OC
135476830,0,CCC1=CC=CC=C1NC(=O)CSC2=NC3=NNC(=C3C(=N)N2C4=CC(=CC=C4)OC)C
6046543,0,CCC(C)N1C(=O)C(=CC2=CC=C(C=C2)N3CCCCCC3)C(=O)NC1=S
2997879,1,CC1(CC(=CC(=[N+]2CCCC2)C1)N3CCN(CC3)C4=CC=CC=C4)C.[I-]
6917927,0,CN1C2CC(C1C3CC4=C(C5N3C2OC5)C(=CC=C4)OC)C(=O)O.C(C(=O)O)C(CC(=O)O)(C(=O)O)O
16746123,0,CC1=C(SC(=N1)C(=O)NC)C2(CC(=NO2)C3=CC(=CC=C3)[N+](=O)[O-])C
661039,0,C1COC2(O1)CC=C3C(C2)C(C(C(=C3C#N)N)(C#N)C#N)C4=C(C=CC=C4F)F
15944971,1,C1=CC=C(C=C1)C(=O)C2=C3C4=CC=CC5=C4C(=CC=C5)C3=CC6=[N+]2C7=CC=CC=C7S6.[Br-]
966872,0,COC1=CC(=C(C=C1)OC)NS(=O)(=O)C2=CC=C(C=C2)SC
834720,0,CSC1=CC=C(C=C1)CNC2=CC=CC3=CC=CC=C32
961305,0,C1COC2=C(O1)C=CC(=C2)NCC3=CC=NC=C3
894181,1,CC(C)(C)C1=CC=C(C=C1)C(=O)NC2=CC=C(C=C2)CC(=O)OC
22427569,0,CC1=C(C(=NN1CC2=CC=C(C=C2)Cl)C)NC(=O)C3=NOC(=C3)C(C)C
427839,1,CC1C(C(CC(O1)OC2CC(CC3=C2C(=C4C(=C3O)C(=O)C5=C(C4=O)C(=CC=C5)OC)O)(C(=NNC(=O)C6=CC(=C(C=C6)Cl)Cl)C)O)N)O
1486505,0,CC1=CC(=CC(=C1OC(=S)N(C)C)C)C(=O)CSC2=CC=C(C=C2)F
3991439,1,CC(C1=CC=CC=C1)NC2=C3C=CSC3=NC=N2
53299863,0,CC(C)NC(=O)N1CC2=CC(=NC(=C2C1CCO)C3=CC=CC(=C3)C4=CN=CC=C4)C(=O)NC5CCCC5
310867,0,COC1=CC(=C(C=C1)OC)N(CCN2C(=O)C3=CC=CC=C3C2=O)C(=O)CCl
11958748,1,C1=CC=C(C=C1)C[N+]2=CC=CC3=C2C=CC4=CC=CC=C43.[Cl-]
1129998,1,COC1=C(C=C(C=C1)NS(=O)(=O)C2=CC3=C(C=C2)OCCO3)OC
288336,1,C1=CC=C2C(=C1)C(=CC3=C2C=NC=C3)C(=O)N
2833039,1,CC1=CC(=C(C(=C1)C)SCCC2=CC=NC=C2)C
3962106,0,CN1C(=O)C(=CC2=CC=C(C=C2)N3CCCCCC3)C(=O)N(C1=O)C
6472529,0,CC(C)N1C(=NN=C1SCC(=O)NC2=CC=C(C=C2)N3CCOCC3)C4=CC=CO4
16289356,0,CCOC1=C(C=C(C=C1)CCNC(=O)COC(=O)C2=CC(=O)NC3=CC=CC=C32)OCC
2984448,1,COC1=CC=C(C=C1)C2=NOC(=N2)CCCC(=O)NC3CCCC3
16195997,1,CN(C)C1=CC=C(C=C1)C=CC2=[N+](C3=C(C=C2)C4=CC=CC=C4C=C3)C5=CC=CC=C5.[Cl-]
1180676,0,CN1CCN(CC1)C2=C(C(=O)N(C2=O)C3=CC(=C(C=C3)Cl)Cl)Cl
2974961,0,CC1=C(C=CC(=C1)S(=O)(=O)NC(C)C)OCC(=O)N2CCN(CC2)CC3=CC4=C(C=C3)OCO4
23631972,1,C1=CC(=CC=C1CCNC2=NC=NC3=C2C=C(C=C3)Cl)O
1994388,0,C1CCC(CC1)C2=NN=C(N2N)SCC(=O)NC3=C(C=C(C=C3Br)F)F
7870749,0,CC1=CC(=C(N1CCC2=CC=C(C=C2)OC)C)C(=O)COC(=O)C3=C(C=C(C=C3)O)O
994072,0,CCN1C=C(C(=N1)C(=O)NC2=CC=CC=C2C(=O)OC)Br
5281952,1,CC[N+]1=C(SC2=CC=CC=C21)C=CC=CC3=CC=C(C=C3)N(C)C.[O-]Cl(=O)(=O)=O
1487160,0,CN(C)C1=NN=NN1C2=CC(=CC=C2)OC3=C(C=C(C=N3)C(F)(F)F)Cl
135490325,1,COC1=CC=CC(=C1O)C=NNC(=O)C2=CC=C(C=C2)C3=CC=CC=C3
460747,1,CC1=NN(C2=NC(=O)N(C(=O)C2=N1)C)C
54368,1,CC1=C2C(=NC(=NC2=NC=C1CC3=C(C=CC(=C3)OC)OC)N)N.C(CS(=O)(=O)O)O
4975949,0,C1CC2=C(C1)C(=O)OC3=C2C=CC(=C3)OCC(=O)NCC4=CC=NC=C4
1272394,1,COC1=C(C=C(C=C1)C(=O)NC2=NN=C(S2)CC3=CC=CS3)OC
2952012,0,C1CSC(=N1)SCC(=O)N2CCN(CC2)C3=CC=C(C=C3)Cl
262093,1,C1=CC=C2C(=C1)C(=O)C(=C(C2=O)SCCO)SCCO
651192,1,CC1=CC=C(C=C1)S(=O)(=O)NCC2=CC=NC=C2
135521444,1,C1=CC=C(C=C1)C2=C(NC3=C2C=C(C=C3)Br)C(=O)NN=CC4=CNC5=CC=CC=C54
24761605,1,CC[N+]1=CC=CC=C1C=C2N(C3=C(S2)C=CC(=C3)C)C.[I-]
6463398,0,CCCC1=NN=C(O1)SCC(=O)NC2=CC=C(C=C2)OC
851916,0,COC(=O)C=CC(=O)NC1=CC=CC(=C1)C(F)(F)F
7292627,0,C1CN(CCN1C2=NC3=C(S2)C=CC=C3Cl)C(=O)C4=CC=C(O4)[N+](=O)[O-]
5401877,0,CC1=CC(=C(C=C1)N(C(=O)C)N=C2C(=O)C3=CC=CC=C3S2)C
3815085,0,CC1=C(C=C(C=C1)NNC(=S)N)Cl
648776,0,C1CCC(C1)N2C(=NN=N2)CN3C4CCC3CC(C4)(C5=CC=C(C=C5)F)O
24817489,1,COCC1CCCN(C1)C(=O)C2=NOC(=C2)COC3=CC4=C(C=C3)N=CC=C4
24892043,0,CCN1C(=O)C2=C(C3=CC=CC=C3N2)N=C1SCC(=O)N4CCN(CC4)C(=O)OCC
4315810,0,CC(CCC1=CC=CC=C1)NC(=O)COC2=C(C=C(C=C2)S(=O)(=O)N3CCOCC3)[N+](=O)[O-]
6899916,0,C1=CC=C(C=C1)C2=CC=C(C=C2)C3=NN(C=C3C=NNC(=S)N)CCC#N
135760296,0,CCOC1=CC=C(C=C1)CC2=NN=C(NC2=O)SCC(=O)NC3=CC=C(C=C3)C(=O)C
24818244,1,CCN(CC)S(=O)(=O)C1=CC=CC(=C1)NC(=O)CNC2=CC(=CC=C2)S(=O)(=O)N3CCCC3
1475780,0,C1=CN2C(=NC=N2)C(=C1)NC(=O)CCl
2368804,0,CC1=CC=C(C=C1)NC(=O)C2=C(N(C(=C2)C)C3=CC=CC=C3)C
1254472,0,C1CN(CCN1C2=CC=C(C=C2)NC(=O)C3=CC=C(O3)[N+](=O)[O-])C(=O)C4=CC=C(C=C4)Cl
252116,1,CC1=CC(=NC(=N1)NC(=NCCC2=CC=CC=C2)N)C
4789298,0,COC1=NC=C(C=C1)NC2=NC(=NC3=CC=CC=C32)C4=CN=CC=C4
3480608,0,CN1CCC2=C(C1=O)C=CC=C2OCC(=O)NC3=C(C=C(C=C3)OC)OC
763882,0,CC1=CC=C(C=C1)C2=NC(=NO2)C3=CC=CC=N3
386514,1,CN(C)CCNC(=O)C1=CC=C(C2=CC3=CC=CC=C3N=C12)OC.Cl
5702759,1,CC[N+]1=C(C=CC2=CC=CC=C21)C=CC3=CC=C(C=C3)N(C)C.[I-]
135521560,1,CCN=C1NN=C(CS1)C2=C(N(C(=C2)C)CC=C)C.Cl
429599,1,CC1C(=O)NC(C(=O)N(C(C(=O)NC(C(=O)N(C2CC3=CC=C(C=C3)OC4=C(C=CC(=C4)CC(C(=O)N1)N(C2=O)C)O)C)C)CC5=CC=C(C=C5)OC)C)C
6901909,0,CC1=CC(=C(O1)C)C(=O)NN=CC2=CC=C(O2)[N+](=O)[O-]
24761146,1,CC1=CC2=C(C=C1)NC=C2C=CC3=CC=[N+](C=C3)C.[I-]
45479722,1,C1=CC=C2C(=C1)C3=CC=CC=C3[I-]2.[Cl-]
2998237,0,COC(=O)C1=C(NC(=O)NC1C2=CC=C(C=C2)F)CN3CCCC4=CC=CC=C43
2967453,0,C1=CC=C(C=C1)C2=NN(C=C2C(=O)NC3=CC=C(C=C3)[N+](=O)[O-])CCC#N
2212582,0,CC1=C(C=CC=C1Cl)NC(=O)CSC2=NN=C(N2CC=C)CCNC(=O)C3=CC=CS3
49789795,0,CC(=O)NC1=CC=C(C=C1)C2=C3CC(OC3=NC=C2)C(=O)NCC4=CC=CO4
379559,1,CCN(CC)CCCNC1=NC2=CC=CC=C2C3=C1C4=C(N3)C=CC(=C4)OC.Cl
3239596,0,COC1=CC=CC(=C1O)C=NC2=CC3=C(C=C2)OCCO3
285812,0,CN(C)C1=CC=C(C=C1)C=NNC(=O)C2=CC(=C(C(=C2)OC)OC)OC
135684414,1,CC1=CC(=C(C(=C1)Br)OCC2=CC=C(C=C2)C(=O)NN=CC3=CC=CN3)Br
4462104,0,C1=CC=C(C(=C1)C(=O)NC(C(F)(F)F)(C(F)(F)F)NNC2=CC=C(C=C2)[N+](=O)[O-])Cl
665597,1,C1CCCN(CC1)C2=NC(=NC3=CC=CC=C32)C4=CC=CC=N4
662684,0,CCC1=CC=CC=C1NC(=O)CSC2=NN=C(O2)C(C(C)CC)NC(=O)OC(C)(C)C
16189758,1,CCCCCCCCN1C2=C(CCC2)C(=N)C3=CC=CC=C31.Br
24980982,1,COC1=CC=CC=C1NS(=O)(=O)C2=CC=CC(=C2)C(=O)NC3CCN(CC3)CC4=CC=CC=C4
13481921,1,CC1=CC=C(C=C1)C2=CC3=CC=CC=[N+]3C=C2C4=CC=C(C=C4)C.[Br-]
268760,1,C1CCN(CC1)CC(=CC2=CC=CC=C2)C(=O)C3=CC=CC=C3
2932644,0,C1CN(CCN1C2=CC=CC(=C2)C(F)(F)F)C(=O)C3=C(C(=C(C(=C3F)F)F)F)F
8070844,0,CC1=CC2=C(C(=C(C(=O)O2)C)C)C(=C1)OCC(=O)NC3=NC=CS3
4680215,0,CC1=C(C=C(N1C2=C(C=CC(=C2)OC)OC)C3=CC=C(C=C3)S(=O)(=O)C)C=O
24980349,0,C1=CC=C(C=C1)CN(CC(=O)C2=CC(=CC=C2)Br)C(=O)CCl
16290467,1,CC1(C(=O)N(C(=O)N1)CC(=O)N2CCN(CC2)CC3=CC=C(C=C3)C#N)C4=CC5=CC=CC=C5C=C4
135510994,0,COC1=CC=C(C=C1)C(=O)NC2=CC=CC=C2C(=O)NN=CC3=CC(=C(C=C3)O)OC
9639906,0,CC1=NN(C(=C1C=NNC(=S)N)OC)C2=CC=CC=C2
9568953,0,CC(=NNC1=C(C=CC(=C1)C(F)(F)F)Cl)C2=CC=NC=C2
660194,1,CCCCCCN1C2=C(N=C1NCC=C)N(C(=O)N(C2=O)C)C
230508,0,C1=CC=C(C=C1)C(C2=NC=CC3=CC=CC=C32)OC(=O)C4=CC=CC=C4
3798960,1,C1=CC=C(C=C1)C(=O)C2=NN(C(=O)C=C2C(F)(F)F)C3=CC=C(C=C3)Cl
3241786,0,COC(=O)C1=CC=C(C=C1)NC(=O)CN2CCN(CC2)C3=CC=C(C=C3)Cl
1338529,0,C1COCCN1S(=O)(=O)C2=CC=C(C=C2)NC(=O)C3=CC(=CC=C3)[N+](=O)[O-]
2968933,0,C1CN(C(C(=O)N1)CC(=O)NC2=CC3=C(C=C2)OCCO3)C(=S)NC4=CC=CC=C4
2967368,1,C1CC2CC1CC2N3C(=NN=N3)SCC(=O)NC4=CC=NC5=CC=CC=C54
661004,1,CC1=C(C(=NN1CC2=CC=C(C=C2)C(=O)NC3=NC=CS3)C)Cl
2975895,0,COC1=CC=CC=C1N2CCN(CC2)C(=O)CSC3=NC4=CC=CC=C4O3
16682142,1,CCCCCCCCCN1C=CC(=N)C=C1.Br
24793159,1,CC(C)(C)C1=CC=C(C=C1)N2C3=C(C=N2)C(CCC3)NC(=O)C4=CC=NN4C
23618032,1,CN(C)C1=NC=NC2=C1N=CN2C3C(C(C(O3)CO)NC(=O)C(CC4=CC=C(C=C4)OC)N)O.Cl
844046,0,C1=CC=C(C(=C1)NC(=O)C2=CC=C(O2)[N+](=O)[O-])Cl
1440852,0,CN(C)C(=O)CN1C2=CC=CC=C2N=C1SCC(=O)NC3=CC4=C(C=C3)OCO4
5082311,1,C1=CC(=CC(=C1)S(=O)(=O)NC2=CC=C(C=C2)Cl)NC(=O)C3=CN=C(C=C3)Cl
2405889,1,CC1=CC(=C(C=C1)C(C)C)OCC(=O)C2=C(C(=C(N2)C)C(=O)C)C
15945262,1,CCCN(CCC)C1=CC(=[N+]2CCCC2)CC(C1)(C)C.[I-]
24686184,0,CCOC1=C(C=C(C=C1)CCNC(=O)COC(=O)C=CC2=CC(=C(C=C2)OC(F)F)OC)OCC
5308771,1,CC1=C(NC2=C1C(=O)CC(C2)C3=CC(=C(C(=C3)OC)OC)OC)C(=O)OCCOC(C)C
658994,0,CC12CCC(=O)N1C3=C(C(=O)N2)SC4=C3C5=C(CCCC5)C(=N4)N6CCOCC6
8035360,0,CCN1C2=C(C(=O)N(C(=N2)C)CC(=O)NC3=CC=C(C=C3)Cl)SC1=S
4358655,1,CC1=CC=C(C=C1)OC2=CC=C(C=C2)C(=O)NCC3=CC=NC=C3
612005,0,C1=CC=C(C=C1)NC2=C(C=NC=C2)[N+](=O)[O-]
2569518,0,CCOC1=CC=C(C=C1)NC(=O)COC(=O)CC2CCCCC2
16192604,1,CN(C)C1=CC=[N+](C=C1)CC(=O)C2=CC=C(C=C2)C3=CC=CC=C3.[Cl-]
1165917,0,CCC1=CC=CC=C1NC(=O)CSC2=NN=C(N2C)CN3C4=CC=CC=C4N=N3
333459,1,CN(C)CCNC1=C2C(=C(C=C1)CO)SC3=C(C2=O)C=C(C=C3)O
16192927,1,CC[N+]1=C(SC2=CC=CC=C21)C=C3C=C(OC(=C3)C)C.[Cl-]
2409536,0,CN1C=CC=C1C(=O)OCC(=O)NCCC2=CC=C(C=C2)OC
6540171,0,CC1=CC2=C(C(=C1C3=CC=C(C=C3)C(=O)C)C)C(=CC(=O)O2)C4=CC=CC=C4
16288167,0,C1=CC=C2C(=C1)C(=O)NN(C2=O)CC(=O)OCC(=O)NNC(=O)C3=CC=C(C=C3)Br
679583,0,CC1=CC2=C(C3=C(CCCC3)C(=O)O2)C(=C1)OCC(=O)OC
3648622,0,C1=CC(=C(C=C1S(=O)(=O)N)NC(=O)C2=CC=C(O2)[N+](=O)[O-])O
334421,0,CC1=CC(=NC(=C1C#N)SC2=NC(=C(C(=C2C#N)C)[N+](=O)[O-])C)C
658308,1,CCOC1=CC=C(C=C1)NC2=NC(=NC(=C2)C)N3C(=CC(=N3)C)C
3711067,1,COC1=CC(=O)C2=C(C1=O)C=CC3=C2C(=NC=N3)N
5405088,0,CC1=NC=C(C=C1)C(=O)NN=CC2=CC=C(O2)[N+](=O)[O-]
1943770,0,CN1C(=NN=C1SCC(=O)NC2=CC3=C(C=C2)N=C(S3)SCC(=O)NC4CC4)C5=CC=CC=C5
5901949,0,COC1=CC(=CC(=C1OC)OC)C2=C3C(=CC(=N2)C(=O)NCC4CCCO4)C5=CC=CC=C5N3
2404411,0,CS(=O)(=O)C1=CC(=C(C=C1)Cl)NC(=O)NC2=CC=CC=C2
46942783,0,CC(=O)NC1=CC(=CN2C1=NC=C2C3=CC=C(C=C3)F)C4=CC=C(C=C4)S(=O)(=O)C
395181,1,C[N+]1=C(C=C2N1C3=CC=CC=C3C2=CC4=CC=C(C=C4)N(C)C)C5=CC=C(C=C5)Cl.C(F)(F)(F)S(=O)(=O)[O-]
1998339,1,CCCCOCCCNC1=NC=NC2=C1NC3=CC=CC=C32
406563,1,CC1=CC=C(C=C1)S(=O)(=O)O.CNC(=O)C1=NC=CC(=C1)OC2=CC=C(C=C2)NC(=O)NC3=CC(=C(C=C3)Cl)C(F)(F)F
270861,1,C1=NC(=C2C(=C(N(C2=N1)C3C(C(C(O3)CO)O)O)Br)C#N)N
604599,1,CCC1CN2CCC3=CC(=C(C=C3C2CC1CC4C5=C(CCN4)C6=C(N5)C=CC(=C6)O)OC)OC
46904312,0,CC1=CC=C(C=C1)S(=O)(=O)N(CC#C)CC2C(C(CN(N2C(=O)OC(C)C)C(=O)OC(C)C)OC(=O)NCC3=CC(=C(C=C3)OC)OC)OC(=O)NCC4=CC(=C(C=C4)OC)OC
24819220,1,CC1=C(SN=N1)C(=O)NC2CCCC3=C2C=NN3C4=C(C=C(C=C4)F)F
2440943,0,CN1C=CC=C1C(=O)OCC(=O)NCCCC2=CC=CC=C2
3080568,1,CC1=CC(=C(C(=C1)OC2=C(C=C(C=C2OC)O)C(=O)OC)C(=O)O)O
5613214,1,C1=C(SC(=C1)[N+](=O)[O-])C=NNC(=O)C2=CC(=CN=C2)Br
5715188,1,CC(C)(C)C(=O)C(=CC1=CC(=CC=C1)[N+](=O)[O-])N2C=NC=N2
2591522,0,CC1=C(C=C(C=C1)SCC(=O)NC2=CC=C(C=C2)N3CCOCC3)C
135438323,1,CC1=CC(=C(N1C2=CC=CC=C2F)C)C3=NNC(=NC4CC4)SC3
15945527,0,C1CCCC2(CC1)N=C(C(=N2)SCC(=O)NC3=CC4=C(C=C3)OCCO4)C5=CC=CC=C5
6243882,1,CC(C)(C)C1=CC=C(C=C1)C(=O)ON=C(C2=CC=CC=C2)N
2895710,0,C1=CC=C(C=C1)CCCNC(=O)C2=C(C=CC(=C2)[N+](=O)[O-])Cl
661005,0,CCN(CC)CC(=O)NC1=CC=C(C=C1)C2=NC3=C(O2)C=CC(=C3)NC(=O)CN(CC)CC
2741354,0,C1CCN(C1)C2=NC(=C(C=C2)[N+](=O)[O-])N3CCCC3
9325050,0,C1CC1NC(=O)C2=CC=CC=C2NC(=O)C3=CC=C(O3)[N+](=O)[O-]
4555040,0,CC1=CC=C(C=C1)CNC(=O)CN2C(=O)C3(CCCC3)NC2=O
4993513,0,C1=CC=C(C=C1)NC2=CC=C(C=C2)NC(=O)C3=C(C=CC(=C3)[N+](=O)[O-])Cl
16195929,1,CC1(C2=CC=CC=C2N(C1=CC(=O)C[N+]3=CC4=CC=CC=C4C=C3)C)C.[Cl-]
4972591,0,CC1=C(C=C(C=C1)S(=O)(=O)N2CCN(CC2)CC(=O)N3CCC4=CC(=C(C=C4C3)OC)OC)C
867936,0,CC1=CC(=NC(=N1)N2C(=CC(=N2)C)NC3=CC=CC=C3)C
4562349,0,COC1=C(C=C(C=C1)S(=O)(=O)N2CCOCC2)N=NC3=C(N=C(S3)N)C4=CC=CC=C4
135501756,1,CC1=CC(=C(C(=O)O1)C=NNC2=CC(=CC=C2)Cl)O
2425463,0,CC1=C(C(=NN1CC(=O)NC2=CC3=C(C=C2)OCCO3)C)[N+](=O)[O-]
175533,1,CCCCCCC[N+](CC)(CC)CCCCC1=CC=C(C=C1)Cl.CC1=CC=C(C=C1)S(=O)(=O)[O-]
135521587,1,CC1=CC(=C(C=C1)C(C)C)OCC2=CC=C(C=C2)C(=O)NN=CC3=C(C=C(C=C3)O)O
1355631,0,CCN1C2=C3C(=C(C=C2)NC(=O)C4=CC=C(C=C4)S(=O)(=O)N(C)C)C=CC=C3C1=O
46942891,1,C1CC(C1)NC2=C3C(=NC=N2)N(C=N3)C4CN(CC(O4)CO)CC5=CC=C(C=C5)C6=CC=CC=C6
24792017,1,CCOC(=O)CC1CCCCN1C(=O)C2=NOC(=C2)COC3=CC=CC4=C3C=CN=C4
9583467,1,CC1=C(C(=NN1C(C)(C)C)C)C=NOC(=O)NC2=CC=C(C=C2)Cl
5505332,1,C1=CC=C(C=C1)S(=O)(=O)C(=CC2=CC=C(O2)C3=CC(=CC=C3)Cl)C(=O)NCC4=CN=CC=C4
381395,0,CCN(CC)C1C(C(C2=CC3=C(C=C2O1)OCO3)C4=C(C(=CC=C4)OC)O)C
2872206,1,CC(=O)NC(C1=CC(=CC=C1)[N+](=O)[O-])C2=C(C3=C(C=CC=N3)C=C2)O
2877075,1,CCCC(=O)NC(C1=CC=C(C=C1)N(C)C)C2=C(C3=C(C=CC=N3)C=C2)O
24892565,0,CC1=NN=C2N(C1=O)N=C(S2)SCC(=O)NC3=CC=C(C=C3)C(=O)OC
16191880,1,CC(C)(C#CC1=CC=C(S1)C2CC3CN(C(=O)C34N2CCC4)C5=CC=CC=C5)O
135443893,0,C1=NC2=C(C(=O)N1)N=NN2C3C(C(C(O3)CO)O)O
5353545,1,CC(=O)OC(C)(C)C=CC(=O)C(C)(C1C(CC2(C1(CC(=O)C3(C2CC=C4C3CC(C(=O)C4(C)C)O)C)C)C)O)O
6900758,0,C1=CC(=CC=C1C=NNC(=S)N)N2C(=CN=N2)C3=CC=C(C=C3)Cl
2947057,0,CCOC1=C(C=C2C(N(C(=O)CC2=C1)C3=CC=CC=C3)C4=CC=C(C=C4)OC)OCC
2746548,1,CCOC(=O)C1=C(N=C(C(=C1)C#N)N2CCN(CC2)C(=O)C3=CC(=CC=C3)C(F)(F)F)C(F)(F)F
15945599,1,CC(=O)C1=CC(=CC=C1)N=C2N(C(=CS2)C3=CC=C(C=C3)S(=O)(=O)N4CCOCC4)CCO.Br
4359350,0,C1CCN(C1)S(=O)(=O)C2=CC=C(C=C2)C(=O)OCC(=O)NC3=CC=C(C=C3)N4CCOCC4
24981290,1,COC1=C(C=C(C=C1)S(=O)(=O)N2CCOCC2)NC(=O)CCNC(=O)C3=CC=C(C=C3)Br
44142091,0,COC1=C(C=C(C=C1)C2=NN3C(=NN=C3SC2)C4=CC=CC=C4OC)OCC5CC5
1254477,0,COC1=C(C=C(C=C1)C2=CC3=CC=CC=C3OC2=O)NC(=O)C4=CC=C(O4)[N+](=O)[O-]
15945727,1,C1CCC2=C(C1)C(=N)C3=C(N2CC4=CC=C(C=C4)Br)CCC3.Br
2580339,0,CCOC1=CC=C(C=C1)NC(=O)COC(=O)C2=CC3=C(C=C2)OCCO3
2475524,0,CN(CC1=CC=CS1)C2=NC(=NC3=CC=CC=C32)C4=CN=CC=C4
1901314,0,CCCCN1C(=C(C2=NC3=CC=CC=C3N=C21)C(=O)OCC)NC(=O)C4=CC=C(O4)Br
2387818,1,CCOC(=O)C1=C(N=C(S1)N(CC2=CC=CC=C2)C(=O)COC(=O)C3=CC=C(C=C3)O)C
5346668,0,CC1=NO[N+](=C1COC2=C(C=C(C=C2)C=NN3C(=NN=N3)N)OC)[O-]
3612465,0,C1CCC(CC1)C(=O)OCC(=O)NCCC2=CC=CC=C2
389166,1,CCOC(=O)C(=CNC1=CC=C(C=C1)NC2=NCC(S2)C)C(=O)OCC
135578967,1,CC1=NC=C(C=C1)C(=O)NN=CC2=C(C=CC3=CC=CC=C32)O
24761061,1,CCN1C=C(C2=CC=CC=C21)C=CC3=CC=[N+](C=C3)C.[I-]
2477145,0,C1=CC2=C(C=CN=C2)C(=C1)NC(=S)NC3=CN=CC=C3
1088985,0,CCOC1=CC=C(C=C1)NC(=O)CN2C=C(C3=CC=CC=C32)C(=O)C4CC4
857537,0,CCN1C(=NN=C1SCC(=O)NC2=CC=C(C=C2)OCC)C(C)C
659661,1,CC(C(F)(F)F)(C(F)(F)F)NC(=O)NC1=NN=C(S1)C(F)(F)F
2063649,0,CCOC(=O)N1CCN(CC1)C(=O)CCl
5399366,0,C1=CSC(=C1)CC(=O)NN=CC2=CC=C(S2)[N+](=O)[O-]
44667404,1,CCOC1=C(C=C(C=C1)Br)C(=NNC2=NCCN2)C.Cl
3147878,0,C1CCN(CC1)C2=C(C(=O)C3=CC=CC=C3C2=O)NC4=CC=CC=C4
46902456,0,C1C2=CC=CC=C2N3C(=CN=N3)CN1C(=S)NC4=CC=C(C=C4)C#N
5309912,1,CCCOC(=O)C1=C(C2=C(N1)CC(CC2=O)C3=CC(=C(C(=C3)OC)OC)OC)C
24978683,0,CCOC1=C(C=C(C=C1)CCNC(=O)COC(=O)CC2=CNC3=CC=CC=C32)OCC
11958738,0,COC1=C(C=C(C=C1)N(C(C2=CC=CS2)C(=O)NC3CCCC3)C(=O)C#C)OC.Cl
4249116,0,C1=CC=C(C=C1)N2C=C(C=N2)C3=C(C=C(C=C3[N+](=O)[O-])[N+](=O)[O-])[N+](=O)[O-]
2772172,0,C1CS(=O)(=O)CC1N(C2=CC=CC=C2)C(=O)CCl
2359311,0,CC1=CC(=C(C=C1)NC(=O)CSC2=NN=C(N2C3=CC=CC=C3)C4=NNC5=CC=CC=C54)C
3579665,0,CC(=O)N1CCC2=C(C1)SC(=C2C(=O)OC)NC(=O)C3=CC(=CC=C3)N4C(=O)CCC4=O
54691658,0,COC1=CC(=C(C=C1)NC(=O)CSC2=C(C3=C(S2)C(=CC(=O)N3)O)C#N)OC
7169985,0,CC1CCC2(CC1)C(=O)N(C(=O)N2)CC(=O)NC3=CC4=C(C=C3)OCCCO4
2108764,0,CC1CCC2(CC1)C(=O)N(C(=O)N2)CC(=O)NC3=CC=C(C=C3)N4CCOCC4
946742,0,CC1=C(C(=O)N(C(=C1C#N)O)CCO)N=NC2=CC=CC=C2
1090053,1,CC1=CC=CC=C1C(=O)N2CCN(CC2)C3=CC=C(C=C3)NC(=O)C4=CC5=C(C=C4)OCO5
906542,1,CN1C2=NC(=O)N(C(=O)C2=NC(=N1)C3=CC=CC=N3)C
2214004,1,C1CN(CCN1CC2=CC=CC=C2F)C3=CC=C(C=C3)NC(=O)C4=CC=C(O4)[N+](=O)[O-]
14376449,0,CC(=CC(CC(=CCOC1=CC2=C(C=C1)C=CC(=O)O2)C)O)C
53301277,1,CCOC(=O)C12CC3=C(C1N(C(=O)C4=C2C=CC(=C4)OC)C5CCCCC5)C=C(C=C3)C
1477005,0,CC1=C(SN=N1)S(=O)C2=CC(=C(C=C2)Cl)Cl
2834423,1,CC1CCC(C(C1)OC(=O)CN2C3=CC=CC=C3[N+](=C2C4=CC=CC=C4)C)C(C)C.[Cl-]
757048,0,CC1=CC(=CC(=C1)NC(=O)C2=CC=C(O2)[N+](=O)[O-])C
5679804,1,COC1=CC=C(C=C1)C(=O)NN=C(C2=CC=CC=C2)C3=CC=CC=N3
9947479,1,C1=CC=C(C=C1)C2=CC=C(C=C2)C(=O)CN3C=CC(=N)C=C3.Br
44825348,0,CCCCNC(=O)COC(=O)C1=C2CCC(=CC3=CC=CS3)C2=NC4=CC=CC=C41
3147868,1,C1COCCN1CC2=CC=C(C=C2)C(=O)NC3=CC=C(C=C3)S(=O)(=O)NC4=CC=CC=C4
53300693,0,C1CN(CCC1N2C3=CC=CC=C3NC2=O)CC4=CC=C(C=C4)C5=NC6=C(C=C(C=C6)C#N)N=C5C7=CC=CC=C7.C(=O)(C(F)(F)F)O
3161717,1,C1=CC=NC(=C1)C2=NC(=NN2)SCC(=O)NC3=CC=C(C=C3)Cl
4931,0,CC(C)N(C1=CC=CC=C1)C(=O)CCl
2963165,0,CC1=CC=C(C=C1)N2CC(CC2=O)C(=O)NC3=NC4=C(S3)C=C(C=C4)S(=O)(=O)C
46944042,1,CC1(CCN1C(=O)CC2=CC=C(C=C2)C(C)(C)C)C(=O)NC3=CC=C(C=C3)C#C
1504739,1,CC1=C(C(=O)N(N1C)C2=CC=C(C=C2)S(=O)(=O)NC3CCCCC3)C(C)C
2916883,0,C1COC2=C(O1)C=CC(=C2)C3CC(=O)C4=C(O3)C=CC(=C4)[N+](=O)[O-]
675358,1,CC1=CC=C(O1)C(=O)NC2=C(C3=C(S2)CCCCC3)C(=O)O
53301275,1,CCOC(=O)C12CC3=CC=CC=C3C1N(C(=O)C4=C2C=CC(=C4)OC)C5CCCCC5
3000130,0,CCOC(=O)C1=CC(=NC2=C1C(=NN2C3=CC=CC=N3)C)C4=CC=NC=C4
463108,1,C1=CC=C2C(=C1)C=C(N=C2N=C(C3=CC=CC=N3)N)C4=CC=CC=N4
24747167,0,CC1(CC(=CC(=O)C1)C2=CC=CS2)C
736186,0,COC1=C(C=C(C=C1)C=CC(=O)O)O
17201,1,C1=CC(=CC(=C1)OC2=CC=C(C=C2)N)OC3=CC=C(C=C3)N
244159,0,COC1=C(C2=C(C(=C1)N)N=CC=C2)Br
979629,1,COC1=CC=CC=C1C(=O)NC2=NC(=CS2)C3=CC=C(C=C3)S(=O)(=O)N4CCOCC4
4880796,0,C1COCCN1C2=CC=C(C=C2)NC(=O)COC3=CC(=C(C=C3)F)Cl
9550933,1,CCCCCCCCNC1=NC=NC2=CC=CC=C21
421494,1,CCC1=C(CC2C3=CC(=C(C=C3CCN2C1)OC)OC)CC4C5=CC=CC=C5CCN4
23724422,1,CC[N+]1=CC=C(C=C1)C=CC2=CNC3=CC=CC=C32.[Cl-]
62770,1,CC1C(C(CC(O1)OC2CC(CC3=C2C(=C4C(=C3O)C(=O)C5=C(C4=O)C(=CC=C5)OC)O)(C(=O)C)O)N)O.Cl
56643206,1,C1=CC=C(C=C1)NC2=CN=C3C(=C2)C=CC=C3O.C(=O)(C(F)(F)F)O
952234,0,C1=CC(=NC=C1Cl)NC(=O)C2=CC=C(O2)[N+](=O)[O-]
417287,1,CC1(N=C(N=C(N1CCCCC2=CC=CC=C2)N)N)C
5045424,0,C1COC2=C(O1)C=CC(=C2)NC(=O)CC3CS(=O)(=O)CC3CC(=O)NC4=CC5=C(C=C4)OCCO5
944164,1,C1CCC(=CC1)CCNC2=NC=NC3=C2NC4=CC=CC=C43
135561532,0,CCC1=CC(=O)NC(=N1)SCC(=O)NC2=CC3=C(C=C2)OCCO3
231422,1,CC(C)CC(=NNC(=O)C1=CC=NC=C1)C2=C(C=CC(=C2)Cl)O
2920814,1,CC(C)C(=O)NC(C1=C(C=C(C=C1)Cl)Cl)C2=C(C3=C(C=CC=N3)C=C2)O
649030,0,CC1=CC=C(C=C1)C2CC(N3C(=CC(=N3)C(=O)NCC4=CC=CO4)N2)C(F)(F)F
24761551,1,CC[N+]1=C(C=CC2=C1C=C(C=C2)OC)C=CC3=CC=C(C=C3)N(CC)CC.[I-]
65237,1,CC1=NC2=C(C=C1)C=CC3=C2N=C(C=C3)C
4831881,0,CN(CC(=O)NC1=CC=C(C=C1)N2CCOCC2)CC(=O)NC3=CC=C(C=C3)N4CCOCC4
4090590,0,CCC(C)NC(=O)C1=CC2=C(C=C1)SCC(=O)N2CC3=CC=CC=C3
16196195,1,C[N+]1=C(C=C(C=C1C2=CC=CC=C2)C3=CC=C(C=C3)OC)C4=CC=CC=C4.[O-]Cl(=O)(=O)=O
16875665,1,CC[N+]1=C2C=C(C=CC2=NC3=CC=CC=C31)N(CC)CC.[I-]
9550972,0,CCOC1=C(C=CC(=C1)C=C2C(=N)N3C(=NC2=O)C=C(O3)C)OCCOC4=CC=CC=C4
16188599,1,CN1C=CC(=CC2=CC=[N+](C3=CC=CC=C23)C)C4=CC=CC=C41.[I-]
2260658,1,C1=CC=C(C(=C1)NC=CC(=O)C2=CC=CC=N2)Br
6896342,0,CC1=CC2=C(C=C1C)N(C=N2)N=CC3=CC=C(O3)[N+](=O)[O-]
663228,0,COC1=C(C=C(C=C1)NC(=O)CSC2=NN=C(N2N)C3=CC=CC=N3)Cl
5153151,0,C1=C(C=C(C=C1Cl)Cl)NNC(=S)N
3606315,1,C1=CC2=C(C=CN=C2C=NNC(=S)N)C(=C1)C(F)(F)F
2811299,1,CC(C)(C)C1=NN(C(=C1)C(=O)NCC2=CC3=C(C=C2)OCO3)C
3835861,1,CC1CCC2=C(C1)C(=C(C(=N2)N)C#N)C3=CN=CC=C3
2862450,0,C1CCC(C(C1)C(=O)NC2=CC3=C(C=C2)OCCO3)C(=O)O
2948027,0,CCOCC(=O)NC1=C(C=C(C=C1)[N+](=O)[O-])C
1472220,1,COC1=NC=C(C=C1)NC(=O)C(=C(S(=O)CC2=CC=C(C=C2)Cl)Cl)Cl
3554231,1,CC1CCCN(C1)C2=NC=NC3=C2C=NN3C4=CC=C(C=C4)Cl
5349697,1,COC1=C(C(=CC(=C1)C=NNC(=S)N)Br)OCC2=CC=CC=C2F
511504,0,C1=CC=C(C=C1)CN=CC2=C(C=CC3=CC=CC=C32)O
51360317,1,C1CN(CCC1N2C3=CC=CC=C3NC2=O)C(C4=CC=CC=C4OC(F)(F)F)C5=NN=NN5C6=CC7=C(C=C6)OCCO7
3003956,1,CC(=NNC(=S)N1CCN(CC1)C2=CC=CC=N2)C3=NC=CS3
24892253,1,CCCOC(=O)C1=CC=C(C=C1)[N+]2=C(C=C(C=C2C3=CC=CC=C3)C4=CC=CC=C4)C5=CC=CC=C5.[O-]Cl(=O)(=O)=O
16192798,1,CCCCCC1=CC(=C(C=C1)OCCCC[N+]2=CC=C(C=C2)C)CCCCC.[Cl-]
24747342,1,CC(C)(C)OC(=O)N(C)C1=CC=C(C=C1)C2=NC3=CC=CC=C3S2
9363225,0,CC1=C(C(=NN1CC(=O)NCCC2=CCCCC2)C)[N+](=O)[O-]
1967479,1,CC1=CC(=C(N1C2=CC=C(C=C2)O)C)C=C3C(=O)N(C(=S)S3)C
755449,1,C1CCC2=C(CC1)SC(=C2C(=O)O)NC(=O)C3=CC=CC=C3
4643764,0,C1=CC2=C(C=C1NC(=O)C3=CC=C(O3)[N+](=O)[O-])NC(=O)N2
53299864,0,CC(C)NC(=O)N1CC2=CC(=NC(=C2C1CCO)C3=CC=CC(=C3)C4=CN=CC=C4)C(=O)NC5CCCCC5
9558596,0,CN1CCN(CC1)N=CC2=C3C=CC=CN3C(=N2)C4=CC(=CC=C4)[N+](=O)[O-]
332580,0,COC1=C(C=C(C=C1)CCNC(=O)C2=CC=C(O2)CSC3=CC=C(C=C3)Cl)OC
4040288,1,C1=CC(=CC(=C1)N)C2=CC(=NC=C2)C=NNC(=S)N
3248530,1,COC1=CC=C(C=C1)NS(=O)(=O)C2=CC=CC(=C2)NC(=O)C3=CN=C(C=C3)Cl
3086380,1,CC1=C2C=C[N+](=CC2=C(C3=C1NC4=C3C=C(C=C4)OC)C)C.[I-]
16237072,1,C1COCCN1C2=NC(=C(S2)C=NNC(=O)C3=CC(=CC=C3)S(=O)(=O)N4CCOCC4)C5=CC=CC=C5.Br
2564956,0,CC1=CC=C(C=C1)CNC(=O)COC2=CC=C(C=C2)C(=O)C3=CC=C(C=C3)F
11840881,0,COC1=CC(=CC(=C1OC)OC)C(=O)NC2=CC=CC=C2C3COC(=O)C3=N
2289022,0,CC=CC1=CC(=C(C=C1)OCCOC2=C(C=C(C=C2)C=O)OC)OC
884295,0,CCOC1=CC=C(C=C1)C(=O)C2=C(C=CC(=C2)[N+](=O)[O-])Cl
4879114,0,C1=CC=C(C(=C1)NC(=O)C2=CN(N=C2C3=CC=C(C=C3)[N+](=O)[O-])CCC#N)Cl
16396279,1,CCCCN=CC12CCC(CC1(CCC3C2CCC4(C3(CCC4C5C=CC(=O)O5)O)C)O)O
2708830,0,COC1=CC=C(C=C1)NC(=O)CN2C(=O)C3(CCCC3)NC2=O
60699,1,CCC1(C2=C(COC1=O)C(=O)N3CC4=CC5=C(C=CC(=C5CN(C)C)O)N=C4C3=C2)O.Cl
3005684,1,CC(=NNC(=S)N1CCCCC1)C2=CC=CC=N2
936435,1,C1=CC=C(C=C1)CNC2=NC(=NC3=CC=CC=C32)C4=CC=CC=N4
16196260,1,CCOC1=CC=C(C=C1)N2C3=[N+](CCCCC3)C=C2C4=CC=C(C=C4)Br.[Br-]
53301173,0,CC1=CC(=NC2=NC(=C(N12)NC3=CC4=C(C=C3)OCCO4)C5=CC6=CC=CC=C6O5)C
9583470,1,CC1=C(C=C(C=C1)NC(=O)ON=CC2=C(N(N=C2C)C(C)(C)C)C)Cl
15945175,1,COC1=CC=C(C=C1)C2=CN(C3=[N+]2C4=CC=CC=C4CC3)C5=CC=C(C=C5)OC.[Br-]
4803021,0,CC1(C(=O)NC2=CC=CC=C2N1C(=O)COC(=O)C3=CC(=C(C=C3OC)N)Cl)C
135490329,0,CC1=CC(=NN1C2=NC(=NC(=N2)NN=CC3=C(C=CC(=C3)OC)O)NC4=CC=CC=C4)C
11875691,0,CC1=C(C(=O)OC2=C1C=CC(=C2)OCC(=O)N3CCC4(CCCCC4C3)O)C
4906603,0,CCC1=CC(=O)OC2=C1C=CC(=C2C)OCC(=O)NCCCN3CCOCC3
3254086,0,CC1=C(C(=O)N(N1C)C2=CC=CC=C2)NC(=O)C(C)OC(=O)C3=CC=C(S3)[N+](=O)[O-]
233874,1,CC(C)C1=CC=C(C=C1)C2=NC3=CC=CC=C3S2
1325822,0,C1=CSC(=C1)C2=C(N=C(N2)C3=CC=C(C=C3)[N+](=O)[O-])C4=CC=CS4
878169,0,CC1=C(C=CC=C1[N+](=O)[O-])C(=O)NC2=CC=C(C=C2)CC3=CC=NC=C3
16303067,0,CN(C)C1=C(C=C(C=C1)S(=O)(=O)N2CCCCC2)NC(=O)CCNC(=O)C3=CC=C(C=C3)Cl
5299834,0,CCN1C=NN=C1SCC(=O)NC2=CC3=C(C=C2C#N)OCO3
16745397,1,CC1=C(C(=O)OC(C1)C(C)C2CCC3C2(CCC4C3CC5C6(C4(C(=O)C=CC6O)C)O5)C)CO
663146,1,COC1=CC2=C(C=C1)C3=C(N2)C(=NC=N3)N4CCN(CC4)CC5=CC6=C(C=C5)OCO6
8034762,0,CCCC1=CC(=O)OC2=C1C(=CC(=C2)C)OCC(=O)NC3=CC=CC=N3
17584213,0,CCCC1=CC(=O)OC2=C1C=CC(=C2)OCC(=O)N3CCN(CC3)C(=O)C4COC5=CC=CC=C5O4
2996437,0,CC(=O)N1CCN(CC1)C2=CC=CC=C2NC(=O)C3=CC4=CC=CC=C4O3
4136784,0,CC1=C(C=C(C=C1)N2C(=O)C3=C(NN=C3)N=C2SCC(=O)NCCC4=CC(=C(C=C4)OC)OC)Cl
16017117,0,CC(=O)C1=CC=C(C=C1)NC(=O)C2=CC(=NS(=O)(=O)N2C)C3=C(C=CC(=C3)OC)OC
16799519,0,CC1=CC=C(C=C1)S(=O)(=O)CCC(=O)NC2=C(C3=C(S2)CN(CC3)C(=O)C)C#N
20893416,1,CCCC1=CC(=O)N2C(=N1)SC(=N2)N3CCC(CC3)C(=O)N4CCN(CC4)C5=CC=C(C=C5)OC
15055242,1,CC1(CC(=CC(=[N+]2CCCCC2)C1)N3CCCC3)C.[I-]
654026,0,CCN(CC)C(=O)CSC1=NC2=C(S1)C=C(C=C2)NC(=O)CSC3=NC=CN3C
2463109,0,CC1=CC=CC=C1NC2=NC(=C(S2)C=O)Cl
16193001,1,C1CCC2=C(C1)C(=N)C3=C(N2CC4=CC=C(C=C4)F)CCC3.Cl
3177911,0,C1=CC(=CN=C1)CNC(=O)C2=CC=C(C=C2)NC(=O)C3=CC=C(C=C3)Br
3979665,0,CN1CC(=O)N(C1=O)CC(=O)NC2=CC=C(C=C2)N3CCOCC3
101486,0,C1=CC=C2C(=C1)C=CC(=N2)NN=CC3=CC=CC=N3
998900,0,C1CC2=C(C(=O)OC3=C2C=C(C=C3)O)N(C1)C(=O)CN4CCN(CC4)C5=NC=CC=N5
9587731,0,CC1=CC(=C(C=C1)C(=O)ON=C(C2=CC=CC=N2)N)C
5927831,0,CC(=NNC1=NC(=CS1)C2=CC=CC=C2)CC3CC(OC3=O)(C)C
25102425,1,CCC1CN2CCC3=CC(=C(C=C3C2CC1CC4C5=CC(=C(C=C5CCN4)OC)OC)OC)OC.O.Cl
8271924,0,CCN1C(=CC(=C1C)C(=O)CN2C(=O)C3=CC=CC=C3S2(=O)=O)C
2452652,0,C1=CC=C2C(=C1)C(=CN2)CCNC(=O)C3=CC=C(O3)[N+](=O)[O-]
3005256,1,CCN(C1=CN=C(C2=CC=CC=C21)C=NNC(=S)N)C(=O)C
644956,1,CC1=C2C(=CC=C1)C=C(C(=N2)SCC(=O)N3CC(=O)NC4=CC=CC=C43)C#N
647227,0,CC1=CC=C(C=C1)OCC2=NN=C(N2CC3=CC=CO3)SCC(=O)NC4=CC5=C(C=C4)OCCO5
3679708,1,C1=CC(=CC=C1NC(=O)NC2=CC(=CC(=C2)OCC(F)(F)F)OCC(F)(F)F)F
53382795,0,C1CC2C(COCC(CN2CC3=CC(=CC=C3)C(F)(F)F)O)OC1CC(=O)NCCC4=CC=CC=C4
16194798,1,CC1CCC(C(C1)OC(=O)C[N+]2=C3CCCN3C(=C2)C4=CC=C(C=C4)OC)C(C)C.[Cl-]
3686662,0,CC(C1=CC(=C(C=C1)Cl)Cl)NC(=O)CCl
2332199,1,C1CN(CCN1CC2=CC=CC=C2)C(=O)C3=C4C=CC=C5C4=C(C=C3)C(=O)N(C5=O)C6=CC=CC(=C6)C(F)(F)F
1143231,1,C1=CC=C(C=C1)NC(=S)NC2=CC=C(C=C2)OCC3=C(C=C(C=C3)Cl)Cl
7597271,0,CC(=O)N1CCC2=C(C1)SC(=C2C#N)NC(=O)CC3=CC=C(C=C3)F
2724387,1,C1=NC2=C(N1C3C(C(C(O3)CO)O)O)NC(=NC2=S)N
2229088,0,CN1C(=NN=C1SCC(=O)NC2=CC=C(C=C2)N3CCOCC3)C4=CC=CC=C4
335091,1,CC1=CC2CC(C(=C2C(=O)CC(CCC=CCC(NC(=O)C=CC=C1)C3=CC=CC=C3)O)O)OC
6603402,0,CCCOC1=C(C=C(C=C1)N)N.Cl
2349797,1,C1=CC=C(C=C1)CCNC(=S)NC2=CC=CC3=C2C=CN=C3
833024,0,CC1=C(C(=O)NN1)N=NC2=CC=C(C=C2)S(=O)(=O)N
16746083,1,C1=CC(=CC(=C1)Cl)NC2=NC=NC(=C2)C3=NC(=NC=C3)NCCCO
3237956,0,COC1=C(C=C(C=C1)CCNC(=O)CN2C3=CC=CC=C3C4(C2=O)OCCCO4)OC
4100469,1,C1=CC=C(C=C1)C2=C(N=C(N2)N=NC3=CC=CC=C3O)C4=CC=CC=C4
972436,0,CC1=NC2=CC=CC=C2C(=C1)C3=NN4C(=NN=C4S3)C5=CC=CC=C5
269869,0,CCOC(=O)C1=CC=C(C=C1)N=CC2=CN=C(N=C2N)N
51360318,0,C1CN(CCC1N2C3=CC=CC=C3NC2=O)C(C4=CC=CC5=CC=CC=C54)C6=NN=NN6C7=CC8=C(C=C7)OCCO8
24687832,0,C1=CC(=C(C=C1Cl)NC(=O)C2=CC=C(S2)[N+](=O)[O-])N3C=NC=N3
4422678,0,CCC1(C2(C3=C4C(=C(NC4=C(C=C3)C)C)CCN2C(=O)O1)C)C
2998287,0,CC(C)CN1C(=C(C2=NC3=CC=CC=C3N=C21)C(=O)NCC4CCCO4)N
24979598,0,CCN1CCN(CC1)C2=C(C=C(C=C2)S(=O)(=O)N3CCCCC3)NC(=O)C=CC4=CC=C(C=C4)[N+](=O)[O-]
16196349,1,CC1=CC(=CC(=[N+]1C2=CC=CC=C2OC)C)C=C3N(C4=CC=CC=C4S3)C.[I-]
666253,0,CC1=C(C(=NO1)C2=CC=CC=C2Cl)C3=NC(=NO3)C4=CC=CC=N4
3220816,0,CN(C)C1=CC=C(C=C1)NC(=O)CN2CCC(CC2)NC(=O)C3CCCCC3
3129671,0,C1COC2=C(O1)C=CC(=C2)C(=O)CCCC3=CC=CC=C3
1527238,1,COC1=C(C=C2C(=C1)CCN=C2C3=CC=C(O3)C4=C(C=C(C=C4)Cl)Cl)OC
135829845,0,CCOC1=C(C=CC(=C1)C=NNC2=NN=C(N2N)C)O.Cl
693996,0,C1=CC(=CN=C1)CNC(=O)C2=CC=C(O2)[N+](=O)[O-]
786787,0,C1=CC(=C(C=C1Br)SCCC2=CC=NC=C2)F
4178147,0,C1CC(CC(C1)NC(=O)C2=CC=C(O2)[N+](=O)[O-])C(F)(F)F
660617,0,CCOC1=CC=C(C=C1)S(=O)(=O)NC2=NC3=CC=CC=C3N=C2N4CCN(CC4)C
86261582,0,C1=CC(=CC(=C1)[N+](=O)[O-])NC(=O)CSC2=NN=CC(=O)N2
2805189,0,CC1=C(C(=NO1)C2=C(C=CC=C2Cl)F)C(=O)C3=CC=C(C=C3)F
9552001,1,CCN(CC)C1=NC(=[N+](CC)CC)C2=CC=CC=C21.[O-]Cl(=O)(=O)=O
666815,0,CN1C2=C(C(=O)N(C1=O)C)N(C(=N2)CN3CCOCC3)CC(=O)C4=CC=CC=C4
662164,0,C1CC(OC1)CNC2=NC(=NC3=CC=CC=C32)C4=CC=CC=C4O
4900419,0,C1CCC2=C(C1)C3=C(C=C(C=C3)OCC(=O)NCCCN4CCOCC4)OC2=O
2494827,0,C1CN(CCC1C(=O)NNC2=C(C(=CC(=C2F)F)F)F)S(=O)(=O)C3=CC=CC=C3F
665525,0,C1CC2=C(C1)NN=C2C3=NN=C4N3N=C(CS4)C5=CC=C(C=C5)Br
9566141,0,C1=CC(=CC(=C1)[N+](=O)[O-])C2=CC=C(O2)C=NNC(=S)NCC3=CC=CO3
11293,1,C1=CC(=N)C=CC1=C(C2=CC=C(C=C2)N)C3=CC=C(C=C3)N
9581590,1,COC1=CC=C(C=C1)OC2=CC=CC=C2C=NO
2106159,1,CC1=NC2=C(S1)C=C(C=C2)NS(=O)(=O)C3=CC4=C(C=C3)OCCO4
45280989,1,C=CC(=O)N1CC(=CC2=CC=C(C=C2)F)C(=O)C(=CC3=CC=C(C=C3)F)C1
45207412,1,CC1=C(C(=CC=C1)N2C3=C(C=N2)C(CCC3)NC(=O)C4=CC=NC=C4)C
386517,1,CN(C)CCNC(=O)C1=C2C(=CC=C1)N=C3C(=CC=C(C3=N2)OC)OC.Cl
135433226,1,C1=CC2=C3C(=C1)C(=O)N(C3=CC=C2)CC4=CC=C(C=C4)C(=O)NN=CC5=C(C=C(C=C5)O)O
2459710,0,CC(C)C(=O)OCC(=O)NC1=CC=C(C=C1)C(=O)NC2=CC=CC=C2OC
49795121,1,CC1=CC(=CC(=C1)F)C2=NNC(=C2)C(=O)NC3=CC(=C(C=C3)OC)OC
3005734,1,CC(=NNC(=S)NC1=CC(=CC=C1)Cl)C2=CC=CC=N2
5337997,1,C1=CC(=CC=C1C(=O)NN=CC2=CC=C(O2)[N+](=O)[O-])O
2224947,0,C1COCCN1C2=CC=C(C=C2)NC(=O)CSC3=NC=CC(=O)N3
4323685,1,CC(C)C1CC2=C(O1)C=CC3=C2OC4COC5=CC(=C(C=C5C4C3=O)OC)OC
16196375,1,CC1(CC(=CC(=[N+]2CCCCC2)C1)N3CCN(CC3)C(C4=CC=CC=C4)C5=CC=CC=C5)C.[I-]
1881562,1,CC1=CC(=C(C=C1)N2C3=C(C=N2)C(=NC=N3)N4CCN(CC4)C5=CC(=CC=C5)OC)C
1216754,0,C1=CC=C2C(=C1)C=CC=C2OC3=CC=C(C=C3)NC(=O)C4=CC=CC=C4C(=O)O
9566902,1,CC(C)(C)C1=CC=C(C=C1)C(=O)ON=C(C2=CC=CC=N2)N
406008,1,CCOC(=O)C1=C(N(C2=C1C3=CC=CC=C3C(=O)C2=O)CC4=CC=CC=C4)C
659940,1,CC1CN(CCN1C2=CC(=CC=C2)OC)C3=NC=NC4=C3NC5=C4C=C(C=C5)F
5295112,0,CC1=CC2=C(C=C1)NC3=C2CCN4C3(C(OC4=O)(C)C)C
391131,1,C1C2CC3CC1CC(C2)(C3)COC(=O)C4=CC=C(C=C4)NCC5=C(C=CC(=C5)O)O
1486794,0,C1CC(=NN(C1)C(=O)C2=CC(=CC=C2)Cl)C3=CC=C(C=C3)Cl
1964370,0,CCCCCOC1=CC=C(C=C1)NC(=O)CSC2=CC=CC3=C2N=CC=C3
137226,1,CC1=CC(=C(C=C1)O)N=NC2=NC=CS2
5721593,1,CC1=C2CCCCC2=C(C(=O)N1)C(=O)C=CC3=CC=CC=C3
776240,1,CCCC1=CN=C(C=C1)C2=CC=C(C=C2)C=CC(=O)O
5253159,1,CC1=C(SC2=NC=NC(=C12)NCC3COC4=CC=CC=C4O3)C
44825720,1,CN(C1CCCCC1)C(=O)C2=CC(=CC=C2)NC(=O)CC3=CC=C(C=C3)NC(=O)C4CCCN(C4)C(=O)CCC5=CC=CC=C5
3879,1,CC1C(C(CC(O1)OC2CCC3(C(C2)CCC4C3CC(C5(C4(CCC5C6=CC(=O)OC6)O)C)O)C)O)OC7CC(C(C(O7)C)OC8CC(C(C(O8)C)OC9C(C(C(C(O9)CO)O)O)O)OC(=O)C)O
284708,1,C1=CNC(=C1)C(=O)C2=C(C=CC(=C2)Cl)NC(=O)CN
431377,1,CC1CCOC(=O)C=CC=CC(=O)OC2CC3C4(C2(C5(CCC6(C(C5O3)O6)C)COC(=O)C1OC(=O)C)C)CO4
9566277,0,CC1=C(C(=NO1)C2=CC=CC=C2Cl)C(=O)ON=C(C3=CC=C(O3)[N+](=O)[O-])N
5371064,1,CC(=NNC(=S)NCC=C)C1=CC=CC=N1
346831,0,C1=CC=C(C=C1)C(=C2C=CC(=NO)C(=C2)Cl)C#N
4578494,0,CCN(CC)S(=O)(=O)C1=CC(=C(C=C1)N2CCCC2)NC(=O)C3=CC=C(O3)[N+](=O)[O-]
16547660,0,C1COC2=C(O1)C=CC(=C2)C(=O)NCCC3=CC=CC=C3
9866928,1,CC1CCCC=CC2CC(CC2C(C(CC(=O)O1)S(=O)C3=CC=C(C=C3)O)O)O
764647,0,C1=CC=NC(=C1)C2=CSC(=N2)NC(=O)C3=CC=C(O3)[N+](=O)[O-]
24981106,0,C1=CC(=C(C=C1Cl)NC(=O)C2=CC=C(O2)[N+](=O)[O-])N3C=NC=N3
72908,0,C1=CC=C2C(=C1)C(=CC(=O)C2=O)N
16309119,0,CCN1C(=NN=N1)SCC(=O)N(C)C2CCS(=O)(=O)C2
24791031,1,CC1=C2C(C(=O)C3(C(CC4C(C3C(C(C2(C)C)(CC1OC(=O)C(C(C5=CC=CC=C5)NC(=O)CC6=CC=CC=C6)O)O)OC(=O)C7=CC=CC=C7)(CO4)OC(=O)C)O)C)OC(=O)C
15538510,1,CC1=CC(=CC2=[N+](C3=CC=CC=C3S2)C)C=C(O1)C.[O-]Cl(=O)(=O)=O
49795816,0,CC1(CCN1CC2=CC=C(C=C2)SC)C(=O)NCCOC3=CC=C(C=C3)OC
2836735,0,CCC1CCCCN1C(=O)C2=CC=C(O2)[N+](=O)[O-]
12005926,0,COC(=O)C1=CC=C(C=C1)NC(=O)CSC2=NCCN2.Cl
404470,1,C1=CC=C(C=C1)CC2C(OC3(O2)C=CC(=O)C=C3)CC4=CC=CC=C4
902705,1,C1=CC=C(C=C1)C2=CC=CC=C2OC3=CC=C(C=C3)N
5346839,0,CC1=NO[N+](=C1COC2=CC=C(C=C2)C=NN3C(=NN=N3)N)[O-]
330973,1,CC1CC2C(C(C3(C1C=CC3=O)C)OC(=O)CC(=O)OC4C5C(CC(C6C4(C(=O)C=C6)C)C)OC(=O)C5=C)C(=C)C(=O)O2
23724261,1,CCCCCCCCCCOC(=O)CN1C2=CC=CC=C2[N+](=C1COC3=CC=CC=C3C)C.[Cl-]
2834427,1,CC1CCC(C(C1)OC(=O)CN2C3=CC=CC=C3[N+](=C2C4=CC=C(C=C4)F)C)C(C)C.[Cl-]
16242076,0,CN(C)C=O.C1COC2=CC=CC=C2C13C(=O)N(C(=O)N3)CC(=O)NC4=CC(=CC=C4)[N+](=O)[O-]
2155253,0,COC1=CC=CC=C1N2C(=O)C3=C(CCS3)N=C2SCC(=O)NC4=CC=C(C=C4)F
5136759,0,CCOC1=C(C=C(C=C1)CCNC(=O)COC(=O)C2=C(C(=C(C=C2)OC)OC)OC)OCC
4042376,1,C1=CC2=C(C=CN=C2C=NNC(=S)N)C(=C1)C(C(C(F)(F)F)(F)F)(F)F
665250,0,CN1C=C(C=C1C2=NC3=CC=CC=C3N2C)C(=O)C4=CC=C(C=C4)Cl
72512,1,CC1=C2C=CN=CC2=C(C3=C1NC4=C3C=C(C=C4)OC)C
4613548,0,CC(=O)N1CCC2=C(C1)SC(=C2C#N)NC(=O)CC3=CC=CC=C3
16195284,0,CC1=CC=CC=C1NC(=O)C2=C(N(N=N2)CC(=O)NC3=CC=C(C=C3)OC)N
12627137,1,CC1=CC=CC=C1[N+]2=C(C=C(C=C2C3=CC=CC=C3)C4=CC=CC=C4)C5=CC=CC=C5.[O-]Cl(=O)(=O)=O
779411,0,CC1=C(C(=CC=C1)C)NC(=O)C2=CC=C(O2)[N+](=O)[O-]
4900945,0,CC1=CC2=C(C(=CC(=O)O2)C)C(=C1)OCC(=O)NC3CC3
6902615,0,CCN(CC1=CC=CC=C1)C2=CC=C(C=C2)C=NN3CCOCC3
24761965,0,C1COC2=C(O1)C=CC(=C2)NC(=O)CSC3=C(C=CC=N3)C(=O)O
1511959,0,CC1=NN=C2N1N(C(=C(S2)C(=O)C)C3=CC(=CC=C3)[N+](=O)[O-])C(=O)C
11958710,1,CC[N+]1=C(SC2=C1C=C(C=C2)Cl)C=CN(C)C3=CC=CC=C3.[O-]Cl(=O)(=O)=O
16196223,1,CC1=CC(=CC(=[N+]1C2=CC=C(C=C2)OC)C)C=C3N(C4=CC=CC=C4S3)C.[I-]
659975,0,C1CCC2(C1)CC3=CC=CC=C3C4=NN=NN24
100158,1,CC1=C(C(=O)C2=C(C1=O)C3C4C5C(CC(N5C)C(N4C2CO)C#N)C6N3CCO6)OC
264732,0,COC1=CC2=C(C=C1)C3=C(C=C2)C4=CC(=O)CC4(CC3)C(=O)OC
5341375,1,C1CCN(CC1)C2=C(C(=O)C3=CC=CC=C3C2=O)NC4=CC=C(C=C4)C(=O)C=CC5=CC=C(C=C5)O
44552613,0,CC1=CC(=NC=C1)NC(=O)CCCOC2=CC(=O)N(C3=CC=CC=C32)C.C(=O)(C(F)(F)F)O
16682136,1,CCCCCCCCCCCCN1C=CC(=N)C=C1.Br
9591853,0,CC1=CC=C(C=C1)C=NNC(=O)C2CC(=O)N(C2)C3=CC=C(C=C3)OC
6099,1,CN(C)C1=CC2=C(C=C1)N=C3C=CC(=[N+](C)C)C=C3S2.[Cl-]
16192607,1,CCCCCCCCCN1C2=C(CCCC2)C(=N)C3=C1CCC3.Br
135472810,1,COC1=CC=CC(=C1O)C=NNC2=CC=C(C=C2)C(=O)O
2507867,0,C1CCCN(CC1)C2=CC=C(C=C2)C=O
341543,1,COC1=CC(=O)C2=C(C1=O)C=CC(=N2)Cl
20959045,1,COC1=C(C=C(C=C1)NS(=O)(=O)C2=CC=C(C=C2)C3=CN=C(O3)C4CC4)OC
2831910,0,C1=CC=C2C(=C1)N=CN2C3=C(C=C(C=C3)[N+](=O)[O-])[N+](=O)[O-]
1476993,0,CC1=C(SN=N1)S(=O)C2=CC=C(C=C2)Br
573993,1,C1=CSC(=C1)C(=O)NC2=NON=C2NC(=O)C3=CC=CS3
275781,1,C1=CN(C2=NC=NC(=C21)NO)C3C(C(C(O3)CO)O)O
16196165,1,CC1=C(C=C(C=C1)N2C3=[N+](C=C2C4=CC=CS4)C5=CC=CC=C5CC3)C.[Br-]
4655987,0,CC1=C(OC2=CC=CC=C12)C(=O)N(CC3=CC=C(C=C3)F)C4CCS(=O)(=O)C4
652627,1,C1CCC(CC1)CNS(=O)(=O)C2=CC=C(C=C2)C(=O)NC3=NC=CS3
135404038,0,COC1=C(C=CC(=C1)C=NNC2=C(C(=NS2)SC)C#N)O
2906049,0,C1CN(CCN1C2=CC(=C(C=C2)[N+](=O)[O-])NCC3=CN=CC=C3)S(=O)(=O)C4=CC=CC=C4
6603435,1,CCCCCCN1C2=C(CCC2)C(=N)C3=C1CCC3.Br
280899,1,CN(C)C1=NC=NC2=C1N=NN2C3C(C(C(O3)CO)O)O
232850,0,C1=CC=C(C=C1)N2C(=NN=N2)C3=CC=CC4=CC=CC=C43
5844273,0,CC1=C(C(=NO1)C2=CC=CC=C2)C(=O)ON=C(C3=CC=C(O3)[N+](=O)[O-])N
4226646,0,CC1=CC(=C(C=C1)C)NC(=O)CSC2=NN=C(O2)C3=NNC4=CC=CC=C43
3214962,0,CC(=O)C1=CC=C(C=C1)NC(=O)CSC2=NN=C(N2CCOC)C3=CC=CO3
2608014,1,CC1=CC(=C(N1C2=NOC(=C2)C)C)C(=O)CSC3=NC=NC4=CC=CC=C43
13221014,0,C1=CC=C(C=C1)CNC(=S)NC2=CC=NC=C2
25058344,0,COC1=CC=C(C=C1)C2=C(C3=CC(=C(C=C3C(=O)O2)OC)OC)C#CCCO
4962513,0,C1CCN(C1)C(=O)C(C2=CC=CC=C2)Cl
2046793,0,CC1=C(C=CC=C1Cl)NC(=O)CSC2=NC3=C(N2)C=C(C=N3)Cl
9621159,0,CC(=O)C(=NNC1=CC=CC=C1[N+](=O)[O-])N2CCCC3=CC=CC=C32
374010,1,CC1=C(C(=O)C2=C(C1=O)N3CCC(C3=N2)OC(=O)COC)NC(=O)C
3951768,0,COC1=C(C=C(C=C1)C2=NN3C(=NN=C3SC2)C4=CC=NC=C4)OC
9616943,0,C1=CC=C2C(=C1)N=C(N2N=CC3=CC=C(S3)[N+](=O)[O-])CO
2250400,0,COC1=CC=C(C=C1)N=C(C2=NC3=CC=CC=C3C=C2)NN
237305,1,CN1C=NC(=C1SC2=NC(=NC3=C2N=CN3C4C(C(C(O4)CO)O)O)N)[N+](=O)[O-]
659639,0,COC1=CC(=C(C=C1)OC)C2NC3=C(C(=O)N2)SC(=S)N3C4=CC=CC=C4
1243312,0,CCC(=O)N1CCN(CC1)C2=C(C=C(C=C2)Cl)NC(=O)C3=CC=C(O3)[N+](=O)[O-]
53301249,1,CCOC(=O)C12CC3=C(C1N(C(=O)C4=CC=CC=C24)C5CCCCC5)C=CC(=C3)OC
4076092,0,CCOC(=O)C(C)OC1=CC=CC2=C1C=CN(C2=O)CC(=O)NC3=CC4=C(C=C3)OCCO4
1309471,0,CC1=CC=CN2C1=NC3=C(C2=O)C=C(C(=N)N3CC4=CN=CC=C4)C(=O)NCCN5CCOCC5
890163,0,C1CCC2=C(CC1)C(=O)OC3=C2C=CC(=C3)OCC(=O)N
6903389,0,CCN(CC1=CC=CC=C1)C2=CC=C(C=C2)C=NNC(=S)NCC=C
16079002,0,CCOC1=CC=CC=C1OC(C2CNCCO2)C3=CC=CC=C3.CS(=O)(=O)O.O
5474842,1,CCN1C2=CC=CC=C2SC1=CC(=CC3=[N+](C4=CC=CC=C4S3)CC)C
10864994,1,CCN1C2=C(C=CC(=C2)C3=CC=CC=C3)OC1=CC=CC4=[N+](C5=C(O4)C=CC(=C5)C6=CC=CC=C6)CC.CCOS(=O)(=O)[O-]
712247,0,C1=CC(=C(C=C1NC(=O)CSC2=NC=NN2)Cl)Cl
2955782,1,CC1=CC=C(C=C1)S(=O)(=O)CC2CSC3=NC4=CC=CC=C4N23
12006167,1,CC1CC(CN(C1)S(=O)(=O)C2=CC=C(C=C2)C(=O)NNC3=NC4=C(C=CC=C4S3)C)C
131182,1,CCC1(C2=C(COC1=O)C(=O)N3CC4=CC5=C(C=CC=C5N=C4C3=C2)N)O
2522096,0,CCCN(CC(=O)NC1=CC=C(C=C1)C(=O)N)CC(=O)NC2=CC=CC=C2C
2551040,0,CC1=C(C(=NN1C2=CC=CC=C2)C)C(=O)OCC(=O)NC3=CC=C(C=C3)NC(=O)C
135497968,1,C1=CC=C2C(=C1)NC(=N2)NN=CC3=C(C=CC(=C3)[N+](=O)[O-])O
398175,1,CC1=[N+](N2C3=CC=CC=C3C(=CC4=CC=C(C=C4)N(C)C)C2=C1)C.C(F)(F)(F)S(=O)(=O)[O-]
4602183,0,CCOC1=CC=C(C=C1)NC(=O)CN2C(=O)C(NC2=O)(C)C3=CC=C(C=C3)OC(F)F
15740787,1,C[N+]1=C2N(C3=CC=CC=C31)N=C(CS2)C4=CC=C(C=C4)OC.[Br-]
915856,0,CC1=CC2=C(C=C1NC(=O)CCl)C(=CC(=O)O2)C
747204,1,CC1=CC(=CC=C1)C(=O)NC2=C(C3=C(S2)CCCC3)C(=O)O
2526458,0,CN1C=CC=C1C(=O)OCC(=O)N2CCN(CC2)C3=CC=CC=C3
6245,1,C1=CN(C2=NC=NC(=C21)N)C3C(C(C(O3)CO)O)O
16236316,1,CC1=CC=C(C=C1)N2C3=[N+](CCCCC3)C=C2C4=CC=C(C=C4)OC.[Br-]
2193089,0,C1CN(CCN1C(=O)C2=CC=CO2)C(=O)C3=CC=C(O3)COC4=C(C=C(C=C4)Cl)Cl
3240024,0,CCN1C2=C3C(=C(C=C2)NC(=O)C4=CC(=CC=C4)N5C(=O)CCC5=O)C=CC=C3C1=O
856297,0,COC1=C(C=CC(=C1)C2=CC(=NC(=C2C#N)N)C3=CC=C(C=C3)O)O
1104205,0,CC1=C(C=C(C=C1)C2=NC3=C(O2)C=CC=N3)NC(=O)C4=CC=C(O4)[N+](=O)[O-]
2898047,0,C1COCCN1C(=S)NC(C(Cl)(Cl)Cl)NC(=O)C2=CC=C(C=C2)Cl
97976,0,CC1CC(C(=NNC(=O)N)C(C1)C(CC2CCC(=O)NC2=O)O)C
3807643,0,CC1C(C2=CC3=C(C=C2OC1NNC(=S)N)OCO3)C4=CC(=C(C(=C4)OC)OC)OC
4390427,0,CC(=O)N1CCC2=C(C1)SC(=C2C#N)NC(=O)C3=CC=C(O3)[N+](=O)[O-]
8483165,0,CC(=O)NC1=CC=C(C=C1)NC(=O)CSC2=NN=C(S2)NC(=O)C3CC3
16413387,0,COC1=CC(=CC(=C1)NN=C(C=NOC)C(=O)C2=CC=CC=C2)OC
83851,1,CC1C(C(CC(O1)OC2CC(CC3=C2C(=C4C(=C3O)C(=O)C5=C(C4=O)C(=CC=C5)OC)O)(C(=NO)C)O)N)O
2342756,0,COC(=O)C1=CC=C(C=C1)CNC(=O)COC(=O)C2=CC(=NC(=C2)Cl)Cl
24981595,0,CN1CCN(CC1)C2=C(C=C(C=C2)S(=O)(=O)N3CCCCC3)NC(=O)COC4=CC=C(C=C4)[N+](=O)[O-]
4912034,0,CCCC1=CC(=O)OC2=C1C=CC(=C2C)OCC(=O)NCCCN3C=CN=C3
12004531,1,CC(C)C1=C2C(C3C4C(CCC(C4(C2=CC(=O)O1)C)O)(C(=O)O3)C)O
3164819,0,CN1C(=NN=C1SCC(=O)NC2=CC=C(C=C2)N3CCOCC3)COC4=CC=CC=C4OC
334410,1,CC(=O)O.C1=CC(=CC(=C1)[N+](=O)[O-])CN2C=CC3=C2C=CC4=C3C(=NC(=N4)N)N
5057111,1,CC1=CC(=C(N1CC2CCCO2)C)C(=O)COC(=O)C3=CC=CC=C3Br
2446553,0,CC1=C(C=C(C=C1)SC2=CC=C(C=C2)NC(=O)CCl)C
609635,1,C1OC2=C(O1)C(=C3C(=C2)C4C(C(C(C(C4O)O)O)O)NC3=O)O
104830,1,CC1CCOC(=O)C=CC=CC(=O)OC2CC3C4(C2(C5(CCC(=CC5O3)C)COC(=O)C1O)C)CO4
420759,1,CC1=C(C=CC(=C1)OCC2=C(C(=NC(=N2)N)N)C3=CC(=C(C=C3)Cl)Cl)[N+](=O)[O-]
1587345,1,CC1CC(=CC2=CN=CC=C2)C(=O)C(=CC3=CN=CC=C3)C1
2960374,0,CN1C(=NN=C1SCC(=O)N2CCN(CC2)C3=CC=CC=C3)CCNC(=O)C4=CC=CS4
5825928,0,CC(C)CNC(=O)COC(=O)C1=C2CCC(=CC3=CC=CS3)C2=NC4=CC=CC=C41
12402750,1,C1=CC=C(C=C1)C2=CC(=[N+](C(=C2)C3=CC=CC=C3)CC4=CC=C(C=C4)Cl)C5=CC=CC=C5.[O-]Cl(=O)(=O)=O
24761573,0,CCOC1=C(C=C(C=C1)Br)C2=NN(C(O2)C3=CC=C(S3)[N+](=O)[O-])C(=O)C
46948092,1,CN1C(=O)C2=C(N1CC3=CC(=C(C=C3)F)OC)C=CC(=C2)NC(=O)CCC4=CC=C(C=C4)O
2535610,0,C1COCCN1C2=CC=C(C=C2)NC(=O)CSC3=NNC(=N3)C4=CC=CC=C4
652603,0,CC(=O)NC(CC1=CC=C(C=C1)OC)C(=O)NC2CCN(CC2)C3=NN=NN3C4=CC=CC=C4
5226939,0,CCOC1=CC=C(C=C1)NC(=O)CSC2=NC3=C(C(=O)N2C4=CC=CC=C4OC)SCC3
727658,1,CC(C)(C)C1=CC=C(C=C1)C(=O)N2CCCCCC2=O
659917,1,CCCCNC1=NC(=NC(=C1)C)NCC2=CC=CC=C2
4902523,0,CCCC1=CC(=O)OC2=C1C=CC(=C2)OCC(=O)NCC3=CC=CC=N3
685180,0,C1CCC2(CC1)C(=CC(=O)O2)NCCC3=CC=CC=C3
1135870,0,C1COCCN1C2=C(C=C(C=C2)NC(=O)C3=CC=C(O3)[N+](=O)[O-])Cl
429598,1,CC1C(=O)NC(C(=O)N(C(C(=O)NC(C(=O)N(C2C(C3=CC=C(C=C3)OC4=C(C=CC(=C4)CC(C(=O)N1)N(C2=O)C)O)O)C)C)CC5=CC=C(C=C5)OC)C)C
4898779,0,CC1=CC(=CC=C1)N2C(=C(C3=NC4=CC=CC=C4N=C32)C5=NC6=CC=CC=C6N5C)N
3826961,1,C1=CC=C(C=C1)CN2C(=C(C3=C2N=CN(C3=N)CCO)C4=CC=CC=C4)C5=CC=CC=C5
1979096,0,CC1=CC=C(C=C1)N2C(=CC(=N2)C)NC(=O)COC3=CC(=CC4=C3C5=C(CCC5)C(=O)O4)C
16196382,1,CC1(CC(=CC(=[N+]2CCCCC2)C1)N(C)CC3=CC=CC=C3)C.[I-]
666941,1,CC(C)(C)C1=CC=C(C=C1)C2=NOC(=N2)CCC(=O)N
830341,0,CC1=C(C=C(C=C1)CN2C=NC3=CC=CC=C32)C
665013,1,CC(=O)C(C1=C2C(=C(C(=C1Cl)O)O)C(=CO2)C(=O)C3=CC=CC=C3)C(=O)C
16283949,0,CCOC1=C(C=C(C=C1)CCNC(=O)CN2C(=O)C3(CCC4=CC=CC=C43)NC2=O)OCC
2647474,0,C1OC2=C(O1)C=C(C=C2)NC(=O)CN3C(=O)C(=C(C=N3)Cl)Cl
3240038,0,CC(C)C1C(=O)N2C(=N1)C3=CC=CC=C3N=C2SCC(=O)NCCC4=CC(=C(C=C4)OC)OC
53301265,1,CCOC(=O)C12CC3=C(C1N(C(=O)C4=CC=CC=C24)C5CCCCC5)C=C(C=C3)C
1473245,0,C1=CC=C2C(=C1)N=CC(=N2)OC3=CC=C(C=C3)NC(=O)CCl
279596,0,C1=CC2=C(C(=CC(=O)C2=O)N)N=C1
16192712,1,C[N+]1=C2N(C3=CC=CC=C31)N=C(CS2)C4=CC=C(C=C4)C5=CC=CC=C5.[Br-]
124496,1,CN(C)CCNC1=C2C3=C(C=C1)N=NN3C4=C(C2=O)C=C(C=C4)O
9557209,0,C1=CC=C(C=C1)CC(=O)NN=CC2=CC=C(S2)[N+](=O)[O-]
666638,0,C1=COC(=C1)CN2C(=NN=C2SCC(=O)NC3=C(C=C(C=C3)Cl)Cl)CC4=CC=CS4
371509,1,CN(C)CCNC1=C2C3=C(C=C1)N=CN3C4=C(C2=O)C=C(C=C4)O.Cl
16291897,0,CC1=C(C=C(C=C1)S(=O)(=O)N2CC(CC2C(=O)OCC(=O)NC3=C(C=C(C=C3)[N+](=O)[O-])C(F)(F)F)O)C
25015463,0,CN1CCC(CC1)NC(=O)C2=CC(=C(C=C2)NC3=NC=C4C(=N3)N(CCC(=O)N4C)C5CCCCC5)OC
2128937,0,C1COC2=C(O1)C=CC(=C2)NC(=O)COC(=O)C3=NN(C(=O)C=C3)CC4=CC=CC=C4
9799192,1,CC1CC2C(O2)C=CC=CC(=O)CC3=C(C(=CC(=C3Cl)O)O)C(=O)O1
2449575,0,CC1=C(N2C=CC=CC2=C1)C(=O)C3=CC(=CC=C3)[N+](=O)[O-]
3633236,0,CCOC1=CC=C(C=C1)NC(=O)CSC2=NN=C(O2)CNC(=O)C3=CC=CS3
4908491,0,CCC1=CC(=O)OC2=C1C=CC(=C2C)OCC(=O)NC3CC(NC(C3)(C)C)(C)C
97662,0,COC1=C(C2=C3C(=C1)C=CN=C3C(=O)C4=CC(=C(C=C42)OC)OC)OC
20919845,1,CC1=CC=C(C=C1)N2C(=C3C(=NN(C(=O)C3=N2)CC(=O)NCCC4=C(C=CC(=C4)OC)OC)C)C
4900490,0,C1CCC2=C(C1)C3=C(C=C(C=C3)OCC(=O)NCC4=CC=CC=N4)OC2=O
4840582,0,C1CCN(CC1)S(=O)(=O)C2=CC=CC(=C2)NC(=O)C3=CC=C(O3)[N+](=O)[O-]
3244729,1,CC1=NC(=CS1)CNS(=O)(=O)C2=CC=C(C=C2)OC3=CC=CC=C3
24677768,0,CC(=O)NC12CC3CC(C1)CC(C3)(C2)C(=O)NC4=NC5=C(S4)C=C(C=C5)S(=O)(=O)C
2452505,0,COC1=CC=C(C=C1)NC(=O)COC(=O)C2=C(C=CC(=C2)S(=O)(=O)N3CCCC3)O
16196151,1,CC1=CC(=C(C=C1)N2C3=[N+](C=C2C4=CC=CC=C4)C5=CC=CC=C5CC3)C.[Br-]
18528944,1,CC1=CC=C(C=C1)C2=CC(=[N+](C(=C2)C3=CC=CC=C3)C4=CC=C(C=C4)OC)C5=CC=CC=C5.[O-]Cl(=O)(=O)=O
2834638,1,CC1=CC2=C(C=C1)NC3=C2CCCC3NC(=O)CCl
3164038,0,CN(C)S(=O)(=O)C1=CC=C(C=C1)C(=O)NCC2=CC3=C(C=C2)NC4=C3CCCC4
984429,0,COC1=CC=C(C=C1)N2CCN(CC2)C(=O)C3=CC=C(C=C3)CNS(=O)(=O)C4=CC=CC(=C4)OC
646118,1,CCC1=C(N2C(=NC=N2)N=C1C)NCCC3=CC=C(C=C3)OC
135398989,0,CCCCC1=C(N=C(N(C1=O)C2=CC(=C(C=C2)C)C)SCC(=O)NC3=CC=C(C=C3)OC)O
235262,1,CC1=CCCC(C2CC(C(CC(=CCC1)C)OC(=O)C)C(=C)C(=O)O2)(C)O
135511550,0,CCOC1=CC=C(C=C1)NC(=O)CSC2=NN=CC(=O)N2
16211806,1,CCCCCCCCCCCCCCCC[N+]1=CC=CC=C1.O.[Br-]
49792684,1,C1C(OC(CN1CC2=CC=C(C=C2)C3=CC=CC=C3)N4C=NC5=C(N=CN=C54)NCC6=CC=CO6)CO
2626966,0,CC1=CC(=C(N1C2=CC=CC=C2)C)C(=O)COC(=O)C3=COCCO3
4902298,0,CCC1=CC(=O)OC2=C1C=CC(=C2C)OCC(=O)NCCCN3CCCC3=O
2695552,0,C1CC2=C(C1)C=C(C=C2)NC(=O)CN3C(=O)C4=CC=CC=C4N=N3
7116925,0,C1CC1C(=O)NC2=C(OC3=CC=CC=C32)C(=O)NC4=CC=CC=C4
2998676,1,CC1=CC(=C(N1CC2CCCO2)C)C(=O)CN3C(=O)C4=CC=CC=C4S3(=O)=O
49786926,0,COC1=C(C=C(C=C1)C2=CN=C3N2C=C(C=C3NC=O)C4=CC=C(C=C4)S(=O)(=O)C)OC
2859793,0,COC1=CC(=CC(=C1OC)OC)N=CC2=C(NC3=CC=CC=C32)O
3582212,0,COC1=C(C=C(C=C1)CCNC(=O)CSC2=NC3=C(C=NN3)C(=O)N2C4=CC=CC=C4Br)OC
276294,1,CC1C(C(C(C(O1)OC2CCC3(C(C2)CCC4C3C(CC5(C4(CCC5C6=CC(=O)OC6)O)C)O)C)O)OC)O
6891857,0,CCN1C2=C(C=C(C=C2)C=NN3C(=NNC3=S)C4=NNC(=C4)C)C5=CC=CC=C51
2423420,0,COC1=CC=C(C=C1)CCNC(=O)COC(=O)CC2=CC=CC=C2[N+](=O)[O-]
16192765,1,CCCCCCCN1C2=C(CCCC2)C(=N)C3=C1CCC3.Br
16028005,1,CC1=CC(=C(C=C1)OC)NS(=O)(=O)C2=CC=C(C=C2)C3=CN=C(O3)C4CC4
3247428,0,CC1(CC1C2CCCCC2)C(C3=CC=C(C=C3)C(=O)OC)NC(=O)C4=CC=CO4
4116926,0,CC1CCN(CC1)C(=O)CCl
387183,1,C[N+]1=C2C(=C3C=CC(=CC3=C1)OC)C=CC4=CC(=C(C=C42)OC)OC
277475,0,C1=CC2=C3C(=C(C=C2N=C1)[N+](=O)[O-])C=CC=N3
188323,0,COC1=C(C(=C2C(=C1)OC(=CC2=O)C3=CC=C(C=C3)O)O)OC
12355689,0,C1CN=CC2=C1C3=CC=CC=C3N2.OCl(=O)(=O)=O
765832,0,C1=CC(=CC=C1NC(=S)N)OC2=CC=C(C=C2)NC(=S)N
2571013,0,CC1=C(C(=NN1CC2=CC=CC=C2)C)C(=O)OCC(=O)NC3=CC=CC=C3SCC#N
135693210,0,C1CCN(CC1)CC2=CC=C(C=C2)NC(=O)CN3C(=O)C4=C(C=N3)C5=CC=CC=C5N4
2390020,0,C1=CC=C2C(=C1)C(=C(N(C2=O)C3=NC=CS3)O)C=NC4=CC=CC=C4O
662965,0,COC1=C(C=C(C=C1)C2=NN3C(=NN=C3SC2)C4=CC=CC=C4OC)OC
297268,0,C1=CN(C(=O)NC1=O)CC(=O)C2=CC=C(O2)[N+](=O)[O-]
2200281,0,C1=CC(=CC(=C1)OCC2=CC=C(C=C2)[N+](=O)[O-])CNC3=CC=C(C=C3)Br
2465038,0,C1=CC=C2C(=C1)C(=NC(=N2)C3=CN=CC=C3)NCCC4=CC=C(C=C4)S(=O)(=O)N
407582,1,CC1C(C(CC(O1)OC2CCC3(C(C2)CCC4C3CCC5(C4(CCC5C6=CC(=O)OC6)O)C)C)O)OC7CC(C(C(O7)C)OC8CC(C(C(O8)C)OC9C(C(C(C(O9)CO)O)O)O)OC(=O)C)O
7539642,0,C1CN(CCN1C2=NC3=C(C=C(C=C3S2)F)F)C(=O)C4=CC=C(O4)[N+](=O)[O-]
4090129,0,CC1=C(C(=CC=C1)NC(=O)CSC2=NN3CCCC(=O)N=C3S2)C
660926,0,CC1(CC2=C(CS1)SC3=C2C(=O)N(C(=N3)SCC(=O)NCC4=CC=CO4)C5=CC=CC=C5)C
3241438,1,CC1=CC=CC=C1CN2C(=C(N=N2)C(=O)NC3=C(C=CC(=C3)OC)OC)N
4024368,1,CC12CCC3C(C1(CCC2C4=COC(=O)C4)O)CCC5(C3(CCC(C5)O)C=NO)O
9636219,0,C1=CC(=CC=C1C(=O)O)NN=CC2=CC3=NC=CN=C3C=C2
430588,0,CC(C(=O)NC(CO)C(C(C=O)N)O)N
5477390,1,CC1C2CC(C(C=CC=C(CC3=CC(=C(C(=C3)O)Cl)N(C(=O)CC(C4(C1O4)C)OC(=O)C(C)C)C)C)OC)(NC(=O)O2)O
1922551,0,C1=CC=C(C=C1)C(=O)N(C2=CC(=CC=C2)F)NC(=O)C(C3=CC=CC=C3)(C4=CC=CC=C4)O
2794916,0,C1CCC(CC1)N(C2=CC=CC=C2)C(=O)CCl
3119335,0,C1CCN(C1)C2=CC(=C(C=C2)[N+](=O)[O-])N3CCCC3
864333,0,COC1=CC=C(C=C1)C2=NN=NN2C3=CC=CC=C3OC
1472851,0,COC(=O)CC1=C(N=C(S1)C2=CC=CC=N2)C3=CC=CC=C3
135439869,1,C1=CC2=C(C(=C1)OCC3=CC=C(C=C3)C(=O)NN=CC4=CC=CN4)N=CC=C2
2400243,1,CCOC1=CC=C(C=C1)OCC2=CC=C(C=C2)C(=O)NN=CC3=CC=CN3
2321976,0,C1CC(=C(C1=CC2=CC=CC=C2)N3CCOCC3)C#N
5892137,0,C1CC(OC1)CNC(=O)C2=NC(=C3C(=C2)C4=CC=CC=C4N3)C5=CC=C(C=C5)F
1094049,0,COC1=CC=C(C=C1)C2=NC3=C(C=NN3C(=C2)C(F)F)C(=O)N4CCC5=CC=CC=C5C4
386513,1,CN(C)CCNC(=O)C1=CC=C(C2=CC3=CC=CC=C3N=C12)Cl.Cl
1983334,1,CC1(C2=C(C3=C(N1)C=CC(=C3)OC)C(=S)SS2)C
12005541,1,CCOC1=CC=C(C=C1)N2C3=[N+](CCCCC3)C=C2C4=CC=CC=C4.[Br-]
4019569,0,CCN(CC)S(=O)(=O)C1=CC(=C(C=C1)N2CCOCC2)NC(=O)C3=C(C(=C(N3)C)C(=O)C)C
53299754,0,CC1=CC2=NC(=C(N2C(=C1Br)C)CC3=C(C=C(C=C3)OC)C)C4=CC(=CC=C4)Cl
16022638,1,CC1=CC=C(C=C1)N2C(=C3C(=NN(C(=O)C3=N2)C(C)C(=O)NCCC4=C(C=CC(=C4)OC)OC)C)C
3959870,1,CC1CN(CC(O1)C)S(=O)(=O)C2=CC=C(C=C2)C(=O)NCCCN3C=CN=C3
45281161,1,C1CCN(CC1)CCC(=O)N2CC(=CC3=CC=CC=C3)C(=O)C(=CC4=CC=CC=C4)C2.Cl
752487,0,COC1=CC=C(C=C1)C2=CC(=O)OC3(O2)CCCC3
46944229,0,CC(=O)NC1=CC(=CN2C1=NC=C2C3=CC=C(C=C3)S(=O)(=O)C)C4=CC(=CC=C4)F
5994539,0,COC1=CC=CC=C1N2C(=NC3=CC=CC=C3C2=O)C=CC4=CC=CC=N4
11972533,1,C1CN2CC3=CC4=C(C=C3C5C2C1=CC(C5O)O)OCO4.Cl
736966,0,C1=CC(=CC=C1C2=CN=C(O2)CCl)Cl
6497262,0,CS(=O)(=O)C1=CC2=C(C=C1)N=C(S2)NC(=O)C3CC(=O)N(C3)C4=CC=CC=C4
429575,1,CC1C(C(CC(O1)OC2CC(CC3=C2C(=C4C(=C3O)C(=O)C5=C(C4=O)C(=CC=C5)OC)O)(C(=O)C)O)N(C)C)O
4169684,0,C1=CC(=CN=C1)CNC(=O)C2=CC=CN3C2=NC4=C(C3=O)SC=C4
4279549,0,CCOC1=CC=C(C=C1)OCCN2C(=O)C(NC2=O)CC3=CNC4=CC=CC=C43
53299903,1,CCNC1=NC(=C(S1)N2C=C(N=N2)C3=CC=CC=C3)C4=C(N=C(S4)NC(=O)C(C)(C)C)C
24793989,0,COC1=CC(=CC(=C1)C2=C(C3=C(O2)C=CC=N3)C#CCCO)OC
1888848,1,CCOC(=O)C1=C(C2=C(N1)C=CC(=C2)Cl)N=NN3CCSCC3
6284238,1,CCC(=O)NC1=CC=CC(=C1)C(=O)C=CC2=C(C=CC(=C2)Br)OC
9549161,1,CN(C)C1=CC=[N+](C=C1)CC2=C(C=CC=C2Cl)Cl.[Cl-]
646706,0,C1CCC2=C(C1)C(=C(C(=C2C3=CC=C(C=C3)O)C#N)N)C#N
9551648,0,C1CC(OC1)CNC2=NC(=NC3=C2OC4=CC=CC=C43)C5=CC=CC=C5.Cl
1472663,0,CC1=NC2=C(C=NN2C(=C1C3=CC=CC=C3)N)C4=CC=C(C=C4)F
5388983,1,CCC1(CC2CC(C3=C(CCN(C2)C1)C4=CC=CC=C4N3)(C5=C(C=C6C(=C5)C78CCN9C7C(C=CC9)(C(C(C8N6C)(C(=O)OC)O)OC(=O)C)CC)OC)C(=O)OC)O.OS(=O)(=O)O
2815170,1,C1COC2=C(O1)C=CC(=C2)C(=O)CN3C(=O)C4=CC=CC=C4S3(=O)=O
4366047,1,CC1C(C(C(C(O1)NC2=NC=NC3=C2NC=N3)O)O)NC(=O)CNC(=O)CCCCCCCCCCCCC(C)C
283138,1,CC1C2=C(C3C(O1)CC(=O)O3)C(=O)C4=C(C2=O)C(=CC=C4)O
646268,0,CC1=NC2=CC(=C(C=C2C(=O)N1CC3=CC=CC=C3)NC(=O)C4=CN=CC=C4)N5CCCCC5
2972934,0,CC1=CC=C(C=C1)S(=O)(=O)NC2=CC3=C(C=C2)N(C(=O)N3C)C
2097533,0,C1CN(CCN1CC=CC2=CC=CC=C2)C(=O)C3=NN(C(=O)C=C3)CC4=CC=CC=C4
743472,0,CC1=CC=C(C=C1)CNC(=O)C2=CC=C(O2)[N+](=O)[O-]
4869315,0,CN(C)CCCNC(=O)C(=O)C1=C(C(=C2N1C=CC3=CC(=C(C=C32)OC)OC)C4=CC(=C(C=C4)OC)OC)C5=CC=CC=C5
225906,0,C1=CC2=C(C(=C1)[N+](=O)[O-])NC=C(C2=O)C(=O)O
277067,0,COC1=C(C=C2C3=C(C=C(C=C3)[N+](=O)[O-])NC(=O)C2=C1)[N+](=O)[O-]
18774285,0,CC1=CC=C(C=C1)CN2C=C(C3=CC=CC=C32)C=NNC(=S)NC
282415,1,CC1=C(C2=C(C=C1)C(=O)C(=O)C3=C2C(=C(C=C3)C)C)C
135433188,1,CC(C)(C)C1=CC=C(C=C1)C2CC2C(=O)NN=CC3=CC=CN3
2061050,0,C1CN(C2=CC=CC=C21)S(=O)(=O)C3=CC=C(C=C3)N=NC4=C(NC(=S)NC4=O)O
5983846,1,CC(C)C1=CC=C(C=C1)C=C(C2=NC3=CC=CC=C3N2)S(=O)(=O)C4=CC=CC=C4
2330235,0,C1=CC=C(C(=C1)NC(=O)C=CC(=O)O)SC(C(C(F)(F)F)(F)F)(F)F
2873568,1,CC1=CC=C(C=C1)C2=CN(C3=[N+]2CCCS3)C4=CC=CC=C4.[Br-]
2894617,0,C1CN(CCN1C2=CC(=C(C=C2)[N+](=O)[O-])N3CCOCC3)C(=O)C4=CC=CC=C4Br
51360330,1,COC1=CC=C(C=C1)N2C(=NN=N2)C(C3=CC4=CC=CC=C4O3)N5CCC(CC5)N6C7=CC=CC=C7NC6=O
3236057,0,COC1=CC=CC(=C1)NC(=O)C2=C(C3=CC=CC=C3O2)NC(=O)C4CC4
16189664,0,COC1=C(C=CC(=C1)[N+](=O)[O-])NC(=O)CN2C=CSC2=N.C(=O)(C(=O)O)O
9117011,1,C1COC2=C(O1)C=CC(=C2)C(=O)NCCC3=CC=CC=C3F
2220729,0,CC(C)OC1=CC=CC(=C1)C2=NC3=CC=CC=C3C(=C2)C(=O)NN4CCOCC4
45281158,1,CC1=CC=C(C=C1)C=C2CNCC(=CC3=CC=C(C=C3)C)C2=O.Cl
8467,0,CCOC1=C(C=CC(=C1)C=O)O
2807234,1,C1=CC=C2C(=C1)N=C(S2)SC3=C(C=C(C=C3)S(=O)(=O)N)[N+](=O)[O-]
53301257,1,CCOC(=O)C12CC3=C(C1N(C(=O)C4=C2C=CC(=C4)OC)C5CCCCC5)C=CC(=C3)Cl
5714572,0,C1=CC=C2C(=C1)C(=CC3=CN=CN3)C(=O)N2
5239604,0,COC1=CC=C(C=C1)CCNC(=O)COC(=O)C23CC4CC(C2)CC(C4)C3
4274774,1,CC1=C(C(=O)C=C2C1=CC=C3C2(CCC4(C3(CCC5(C4CC(CC5)(C)C(=O)O)C)C)C)C)O
2738599,1,CN1CCN(CC1)C2=CC=C(C=C2)CNS(=O)(=O)CC3=CC(=CC=C3)C(F)(F)F
935238,0,COC1=CC=CC=C1OC2=NN=NN2C3=CC=C(C=C3)C(=O)N
16247418,0,CC(C)C(C(=O)OCC(=O)NC1=CC2=C(C=C1)OCO2)NC(=O)C3=CC(=CC(=C3)OC)OC
432873,1,CC1=C2C(=C(C=C1)NCCN(C)C)C(=O)C3=C(S2)C=CC(=C3)O
7799160,0,CC1=C(C(=CC=C1)NC(=O)COC(=O)CC2=CC=CS2)C
54691579,0,CC1=CSC(=N1)NC(=O)CSC2=NC3=C(S2)C(=CC(=O)N3)O
16193144,1,CC[N+]1=C2C=C(C=CC2=C(C=C1)C=C3C=CC4=CC=CC=C4N3C)C
16192804,1,CCN1C2=C(C=C(C(=C2)C)C)SC1=CC3=[N+](C4=C(C=C3)C=C(C=C4)C)CC.[I-]
53300000,0,CCCCCCCCN1C2=CCCCC2(CC(C1=O)CC(=O)NCC34CC5CC(C3)CC(C5)C4)C(=O)OCC
2461136,1,CC1=CC=C(C=C1)C2=CSC(=N2)NC(=O)C3CCN(CC3)S(=O)(=O)C4=CC=CS4
4418760,0,CC1CC2=CC=CC=C2N1C3=CC(=O)CC(C3)(C)C
3129244,1,CCCCC(=O)NC(C1=CC=CC=C1)C2=C(C3=C(C=CC=N3)C=C2)O
6619798,1,COC1=CC2=NC3=C(C=C2C=C1)C(=NN3C(=O)CC4=CNC5=CC=CC=C54)N
2089191,0,C1=CC(=CC=C1C#N)NC(=O)COC2=CC=C(C=C2)N3C=NN=N3
3140303,0,CCCOC1=CC=C(C=C1)NC(=O)CC2C(=O)N(C(=S)N2CC3=CC4=C(C=C3)OCO4)C
47508,1,CC(=O)NC1=CC=C(C=C1)NC2=C3C=CC=CC3=NC4=CC=CC=C42
9550774,0,CCOC1=CC=C(C=C1)NC(=O)CN2CCN(CC2)CC(=O)NC3=CC=C(C=C3)OC
44143998,0,CCOC(=O)C1=CC=CC(=C1)C2=CC(=O)CC(C2)(C)C
46942823,1,CC1=C(SC(=O)N1CC2=CC=C(C=C2)C3=CC=CC=C3)C(=O)NCC4=CC(=C(C=C4)OC)OC
2971285,0,CC1=C(OC2=CC=CC=C12)C(=O)NC(C)C3=CC=NC=C3
776890,0,CC1=CC(=CC=C1)NC(=O)C2=CC=C(O2)[N+](=O)[O-]
46948258,0,COCCNC1=C2C(=NC=N1)N(C=N2)C3CN(CC(O3)CO)CCC4=CC=CC=C4
5713121,1,C[N+]1=C(C=CC2=CC=CC=C21)C=CC3=CC=C(C=C3)N(C)C.[I-]
51361380,0,C1CN(CCN1C2=NC=C(C=C2)C(F)(F)F)C(C3=CC4=CC=CC=C4O3)C(=O)NC5=CC6=C(C=C5)OCCO6
3005719,1,CC(=NNC(=S)NC1=CC=CC=C1OC)C2=CC=CC=N2
332456,0,C1=CC=C2C(=C1)C(=O)N(C=N2)CC3=CC=CO3
8975,1,C1=NC2=C(N=C(N=C2N1C3C(C(C(O3)CO)O)O)F)N
3143422,0,CC1=C(C=CC(=C1)NC(=O)C2=CC=C(O2)[N+](=O)[O-])NC(=O)C3=CC=CO3
2211281,1,C1CCN(C1)S(=O)(=O)C2=CC=C(C=C2)NC(=O)C3=CC=C(C=C3)CN4CCC5=CC=CC=C5C4
126941,0,CN(CC1=CN=C2C(=N1)C(=NC(=N2)N)N)C3=CC=C(C=C3)C(=O)NC(CCC(=O)O)C(=O)O
53312907,0,C=CC(=O)NC1=CC(=CC=C1)OC2=NC=NC3=C2C(=CN3)C4=CC5=CC=CC=C5N=C4.C(=O)(C(F)(F)F)O
984185,0,C1COC2=C(O1)C=CC(=C2)C(=O)CSC3=NC4=C(C=NN4)C(=O)N3C5=CC=CC=C5
6552076,1,COC(=O)CC1(CN(N(C12C3=CC=CC=C3C4=CC=CC=C24)C5=CC=C(C=C5)Cl)C#N)C(=O)OC
24687847,0,C1CN(CCN1C(=O)COC(=O)C2=C(C=C(C=C2)O)O)C(=O)COC(=O)C3=C(C=C(C=C3)O)O
24747958,1,CC(C)CC[N+]1=CC=CC=C1C=CC2=CC=C(C=C2)N(C)C.[I-]
3005039,1,CC1=CC=C(C=C1)NC(=S)NN=C(C)C2=CC=CC=N2
5347569,0,CCN1C2=C(C=C(C=C2)C=NN3C(=NN=C3C)C)C4=CC=CC=C41
2805212,0,CC1=C(C(=NO1)C2=C(C=CC=C2Cl)F)C(=O)C3=CC=CC=C3O
2523900,0,CC1CCC2(CC1)C(=O)N(C(=O)N2)CC(=O)NC3=CC4=C(CCC4)C=C3
2874834,1,CC1=CC=C(C=C1)C2=C[N+](=C3N2CCCCC3)CC(=O)C4=CC=C(C=C4)C.[Br-]
14009215,1,CC1=[N+]2C=C(C(=CC2=CC=C1)C3=CC=CC=C3)C4=CC=CC=C4.[Br-]
5183241,0,CC1=C(C(C(=C(O1)N)C#N)C2=CN=CC=C2)N3N=C(N=N3)[N+](=O)[O-]
135433306,1,COC1=CC=CC(=C1O)C=NNC(=O)C2=CC=C(O2)CN3C=C(C(=N3)[N+](=O)[O-])Br
4146817,0,COC1=CC(=C(C=C1)C2=NN=C(O2)NC(=O)C3=CC=C(O3)[N+](=O)[O-])OC
1952616,0,C1=CC2=NSN=C2C(=C1Cl)NC(=O)C3=CC=C(O3)[N+](=O)[O-]
342555,0,CC1=C(C(=NO1)C2=C(C=CC=C2Cl)F)C(=O)OC3=CC=CC=C3
16426534,0,CC1=CC2=C(C(=C(C(=O)O2)C)C)C(=C1)OCC(=O)NC3=CN=CC=C3
2167979,1,C1=CC(=C(C=C1NC(=O)CC(C(F)(F)F)(C(F)(F)F)O)Cl)Cl
16192996,1,CCCCC[N+]1=CC=CC2=C1C=CC3=CC=CC=C32.[I-]
5098091,0,COC1=CC=C(C=C1)C2=C(C=C(S2)C(=O)C3=C(C=C(C=C3)Cl)Cl)CC(=O)O
24761319,0,CC1=C(C(=NO1)C2=CC(=C(C(=C2)OC)OC)OC)C=CC3=CC=C(C=C3)N
5719932,1,CC1=CC(=C(C(=O)N1)C(=O)C=CC2=CC=CC3=CC=CC=C32)C
6485356,0,CN1C=C(C=N1)NC(=O)CCl
895157,0,C1CCN(C1)C(=O)C2=CC=C(C=C2)OC3=C(C=C(C=C3)[N+](=O)[O-])Cl
17253748,0,CN1C(=CC(=NS1(=O)=O)C2=CC(=C(C=C2)OC)OC)C(=O)N3CCC4=CC=CC=C4C3
289159,1,C1=CC=C2C(=C1)C(=CC3=C2C=NC=C3)N
889424,0,CC1=CC=CC=C1C(=O)NC2=CC=C(C=C2)OC3=CC=C(C=C3)OC
3264499,0,CC(=O)NC1=CC=C(C=C1)N=C2C=C(C=C(N2O)Cl)[N+](=O)[O-]
6902142,0,C1OC2=C(O1)C=C(C=C2)C(=O)NN=CC3=CC=C(O3)[N+](=O)[O-]
4789729,0,CC1=C(C=CC(=C1)Br)NC(=O)CN2C(=O)C3CC=CCC3C2=O
53383390,0,CC1=C(C(=CC=C1)C)NC(=O)C(C2=CC=C(C=C2)C(F)(F)F)N3C4=CC=CC=C4N=C(C3=O)C5=CC6=CC=CC=C6N5
1393528,1,C1=CC=C(C=C1)S(=O)(=O)C(=CC2=CC=C(O2)C3=CC=C(C=C3)Br)C(=O)NCC4=CN=CC=C4
2541754,1,CC(=O)N1CCN(CC1)C2=CC=C(C=C2)OC3=CC(=C(C=C3)[N+](=O)[O-])C(F)(F)F
4855101,0,CCOC1=CC=CC=C1N2C(=O)C3=CC=CC=C3N=C2SCC(=O)NC4=CC=CC=C4C(=O)O
6623116,0,COC1=CC(=CC(=C1OC)OC)CCNC2=NN3C(=NN=C3C4=CC=CC=C4)C=C2
16196146,0,CC1=C(C(=O)N(N1C)C2=CC=CC=C2)NC3=[N+](C(=CS3)C4=C(C=C(C=C4)Cl)Cl)CC=C.[Cl-]
5289419,0,COC1=CC2=C(C=C1)NC(=O)C2=CC3=CN=CN3
5941975,1,CC(=NNC(=S)N)CC(C)(C)C1CCCCC1
2803060,0,C#CCSC1=C(C(=NS1)SCC#C)C#N
3317062,0,C1CC(=O)NC1C(=O)OCC(=O)NC2=C(C=C(C=C2)[N+](=O)[O-])C#N
387042,1,C1C2CC3CC1CC(C2)(C3)OC(=O)C4=CC=C(C=C4)NCC5=C(C=CC(=C5)O)O
6860029,1,CC1=CC(=C(N1C2=CC=C(C=C2)OCC3=C(C=C(C=C3)Cl)Cl)C)C=NN4C=NN=C4
5350830,1,CC1=C(C(=O)C2=CC=CC=C2N1)C(=O)C=CC3=CC=CC=C3
5282106,0,CCCCCCCCC=CCCCCCCCC(=O)NCCC1=CC(=C(C=C1)O)O
12004724,1,CCN1C2=CC=CC=C2SC1=CC3=[N+](C4=C(C=C3)C=C(C=C4)C)CC.[I-]
2466717,0,CC(=O)NC1=CC=C(C=C1)NC(=O)COC(=O)CC2=CNC3=CC=CC=C32
16249963,0,CN(C)S(=O)(=O)C1=CC=CC(=C1)C(=O)OCC(=O)NC2=CC3=C(C=C2)OCCO3
15558347,1,C[N+]1=C2C=C(C=CC2=CC3=C1C=C(C=C3)N)N.Cl.[Cl-]
314146,0,C1=CC(=CN=C1)NC(=O)C2=CC=C(S2)[N+](=O)[O-]
16196319,1,[B-](F)(F)(F)F.CC1=CC(=CC(=[N+]1CC2CCCO2)C)C=C3N(C4=CC=CC=C4S3)C
341279,1,COC1=C(C(=C2C(=C1)CCC(C3=CC(=O)C(=CC=C32)SC)NC=O)OC)OC
2402326,0,CC1=CC(=C(N1C2=CC=CC=C2)C)C3=NN=C(O3)SCC(=O)NC4=CC(=CC=C4)OC
9629711,0,C1=CC=C2C(=C1)NC(=N2)NN=CC3=CC=CC4=C3N=CC=C4
6265504,1,CC1=CC(=CC=C1)C=C(C2=NC3=CC=CC=C3N2)S(=O)(=O)C4=CC=CC=C4
4562748,0,CC1=CC(=C(C=C1)NC(=O)CN2C(=O)C(NC2=O)(C)C3=CC(=C(C=C3)OC)OC)Br
49789375,1,CC1=C(C=C(C=C1)Cl)C2=NNC(=C2)C(=O)NC3=CC(=C(C=C3)OC)OC
16196225,1,CC1(CC(=CC(=[N+]2CCCCCC2)C1)N3CCCC3)C.[I-]
2055896,1,CC(C)(C)C1=CC=C(C=C1)C(=O)NC2=C(C3=C(S2)CCC3)C(=O)O
16193300,1,CCCCCC1=CC(=C(C=C1)OCCCC[N+]2=CC=CC=C2)CCCCC.[Cl-]
328780,1,C1=CN(C2=C1C3=NC=NN3C=N2)C4C(C(C(O4)CO)O)O
16187234,1,CCCCCCCN1C2=C(CCC2)C(=N)C3=CC=CC=C31.I
3220867,0,CC1=CC(=C(C=C1)NC(=O)CN2CCC(CC2)NC(=O)C3CCCCC3)Br
1418151,0,COC1=CC=C(C=C1)NC2=NC(=NC(=N2)NCCN3CCOCC3)NC4=CC=C(C=C4)OC
9565349,0,COC1=C(C(=C(C=C1)C=NN2C(=NN=C2SC)C3=CC=CC=C3)OC)OC
8384995,0,C1CCC2(CC1)C(=O)N(C(=O)N2)CC(=O)NCCC3=CNC4=CC=CC=C43
16016996,0,CC1=C(C=C(C=C1)Cl)N2CCN(CC2)C(=O)C(C)N3C(=O)C4=CC=CN4C=N3
135426470,0,CCC1=C(N=C(N(C1=O)C2=CC=C(C=C2)C)SCC(=O)NC3=CC=CC=C3C)O
53382822,0,CCC1=CC=C(C=C1)N2C=C(C(C(=C2N)C#N)C3=CC=C(C=C3)OC)C(=O)OC
705653,0,CC1=CC2=C(C3=C(CCCC3)C(=O)O2)C(=C1)OC(=O)C4=CC=CO4
969014,0,CC1=C(C=C(C=C1)C2=NN3C(=NN=C3S2)C)NC(=O)C4=CC=CO4
49778418,0,CC(=O)NC1=CC(=CN2C1=NC=C2C3=CC=C(C=C3)S(=O)(=O)C)C4=CC=C(C=C4)F
665571,0,CC1=C(C(=CC=C1)NC(=O)CSC2=NN=C(O2)C3CCCN3C(=O)OC(C)(C)C)C
82498,1,CC(C)(C)C1=CC=C(C=C1)OC2=CC=C(C=C2)N
429444,1,CC1CC(C(C(C=C(C(C(C=CC=C(C(=O)NC2=CC(=O)C(=C(C1)C2=O)N)C)OC)OC(=O)N)C)C)O)OC
4900820,0,CCCC1=CC(=O)OC2=C1C=CC(=C2C)OCC(=O)NC3CC(NC(C3)(C)C)(C)C
4394824,0,CC1=CC(=CC=C1)N2C(=NN=C2SCC(=O)NC3=NC=CS3)CNC(=O)C4=CC=CC=C4
24207206,1,CC1=C2C=CC3=C(C=CN=C3C2=NC=C1)C.O
9551005,0,CCCN1CC2=C(C1=O)C(=CC=C2)C(=O)NC(C)C3=CC=CS3
286440,1,C1CN2C3=C(C=C(C=C3)Br)C4=CC=CC=C4C2=N1
18580020,0,CC(=O)C1=CC=C(C=C1)NC(=O)CSC2=NS(=O)(=O)C3=C(N2)C=CC(=C3)Cl
45280988,1,C=CC(=O)N1CC(=CC2=CC=C(C=C2)Cl)C(=O)C(=CC3=CC=C(C=C3)Cl)C1
16193034,1,CCN1C2=C(C=C(C(=C2)C)C)SC1=CC3=[N+](C4=C(C=C3)C=C(C=C4)C)CC.[I-]
44143988,0,CC1(CC(=CC(=O)C1)C2=CC(=C(C=C2)OC)OC)C
2677582,0,CSCC1=C(OC2=CC=CC=C21)C(=O)NC3=CC=CC=C3N4CCOCC4
798232,0,CN1C2=CC=CC=C2N=C1CN3CCN(CC3)C4=CC=C(C=C4)Cl
392754,1,C[N+]1=C(C=C2N1C3=CC=CC=C3C2=CC4=CC=C(C=C4)N(C)C)C5=CC=CC=C5.C(F)(F)(F)S(=O)(=O)[O-]
4315153,0,CC(C1CC2CCC1C2)NC(=O)C3=CC=C(O3)[N+](=O)[O-]
1254473,0,CS(=O)(=O)N1CCN(CC1)C2=CC=CC=C2NC(=O)C3=CC=C(O3)[N+](=O)[O-]
1988485,0,CC(=O)NC1=CC=C(C=C1)NC(=O)CSC2=NN=C(N2CC3=CC=CO3)C4=CC=CO4
24816782,0,CC1=CC(=NC=C1)NC(=O)C2CCN(CC2)S(=O)(=O)C3=C(C(=CC(=C3C)C)C)C
7539374,0,COC1=C2C(=CC=C1)SC(=N2)N3CCN(CC3)C(=O)C4=CC=C(O4)[N+](=O)[O-]
3212480,0,CC1=NN=C(N1CC2CCCO2)SCC(=O)NC3=CC=C(C=C3)C(=O)OC
742820,1,C1OC2=C(O1)C=C(C=C2)C=CC(=O)NC3=CC=C(C=C3)S(=O)(=O)N
2318546,1,CC1=CC=C(C=C1)OC2=CC=C(C=C2)OCC(=O)NC3=CC=NC=C3
695356,0,C1CCC2(CC1)C(=CC(=O)O2)NCC3=CC=CO3
3769558,0,C1=CC(=CC(=C1)OC2=NC=CN=C2)NC(=O)CCl
494023,1,CC(C)CCCCCCCCCCCCC(=O)NCC(=O)NC1C(C(C(OC1C(CO)O)NC2=NC=NC3=C2NC=N3)O)O
930040,0,C1=CC=C(C=C1)CNC2=C3C=NN(C3=NC=N2)CC4=CC=C(C=C4)Cl
24747990,1,CC[N+]1=C(C=CC(=C1)C)C=CC2=CC=C(C=C2)N(C)C.[I-]
9566279,0,CC1=C(C(=NO1)C2=C(C(=CC=C2)Cl)Cl)C(=O)ON=C(C3=CC=C(O3)[N+](=O)[O-])N
3577588,0,C1=CC=C(C(=C1)C(=O)NC2=CC(=CC=C2)NC(=O)C3=CC=C(O3)[N+](=O)[O-])Cl
23581792,0,CCC1=C2CN3C(=CC4=C(C3=O)COC(=O)C4(CC)O)C2=NC5=C1C=C(C=C5)OC(=O)N6CCC(CC6)N7CCCCC7.O.Cl
1345238,1,CC1=CC=C(C=C1)C=C2C(=O)N(C(=S)S2)CCCC(=O)NC3=CC=CC=N3
5307115,0,CCOC1=CC=C(C=C1)C2=NOC(=N2)CCC(=O)O
3146686,0,C1=COC(=C1)C(=O)NC2=C(C=C(C=C2)NC(=O)C3=CC=C(O3)[N+](=O)[O-])Cl
2085773,0,C1=CC=C(C=C1)N2C(=O)C3=CC=CC=C3C(=N2)C(=O)NCC4=CC=CO4
4910060,0,C1CC2=C(C1)C(=O)OC3=C2C=CC(=C3)OCC(=O)NCCC4=CC=C(C=C4)S(=O)(=O)N
3931024,0,CCOC1=C(C=C(C=C1)CCNC(=O)COC(=O)C2=C(N=CC=C2)OCC)OCC
9616624,0,CCOC(=O)CCCC1=CC=C(C=C1)C(=NNC(=S)N)C
2091399,0,CC1=CC(=CC=C1)C(=O)NC(C(C)C)C(=O)NC2=NC=C(S2)C
1570,1,C1=CC(=S)N(C=C1)O
1327610,0,C1=CC(=CC(=C1)[N+](=O)[O-])C2=NC(=C(N2)C3=CC=CS3)C4=CC=CS4
3220811,0,COC(=O)C1=CC=C(C=C1)NC(=O)CN2CCC(CC2)NC(=O)C3=CC=CC=C3F
4369270,1,CC12CCC(CC1CCC3C2CCC4(C3(CCC4C5=CC(=O)OC5)O)C)O
3220850,0,CC1=CC=CC=C1C(=O)NC2CCN(CC2)CC(=O)NC3=CC=C(C=C3)Br
4820817,0,CCN1C(=NN=C1SCC(=O)NC2=CC=C(C=C2)N3CCOCC3)C4=CC=CO4
3659548,0,C1=CC(=C[N+](=C1)[O-])C(=O)OCC(=O)NC2=C(C=C(C=C2)[N+](=O)[O-])Cl
662159,0,C1=CC=C(C(=C1)C2=NN=C3N2N=C(S3)C4=CC=C(O4)Br)Cl
1769385,0,C1CCC2=C(C1)C3=C(C=C(C=C3)OCC(=O)N4CCC(CC4)C(=O)N)OC2=O
788928,1,COC1=CC(=C(C=C1)C(=O)NC2=NC3=CC=CC=C3S2)OC
1150831,1,C1CCC(C1)CCC(=O)NC2=CC=C(C=C2)C(=O)NCC3=CN=CC=C3
5716367,1,CCCCCC[N+]1=CC=CC=C1C=CC2=CC=C(C=C2)N(C)C.[I-]
25162389,0,C1=CSC(=C1)C2=CSC(=N2)NC(=O)C3=CC=C(O3)[N+](=O)[O-]
664030,0,CCOC(=O)C1=C(N(C2=NC3=CC=CC=C3N=C12)CCOC(=O)C4=CC=CS4)N
1583275,0,C1=CC=C(C=C1)C2=C(OC3=NC=NC(=C23)NCCCO)C4=CC=CC=C4
45479870,1,CCC(C1CCC(C(O1)C(C)C(C(C)C(=O)C(CC)C2C(CC(C3(O2)C=CC(C4(O3)CCC(O4)(C)C5CCC(C(O5)C)(CC)O)O)C)C)O)C)C(=O)[O-].O.[Na+]
16193772,1,CCC(C)(C)C1=CC(=C(C=C1)OCCCC[N+]2=CC=CC=C2)C(C)(C)CC.[Br-]
5362868,1,CC1CCCC=CC2CC(CC2C(C=CC(=O)O1)O)O
1627401,1,C1=CC=C(C=C1)NNC(=O)C(=O)NNS(=O)(=O)C2=CC=C(C=C2)N
3915969,1,CC1=NN(C(=O)C1CC2=CC=CC=C2)C3=NC4=CC=CC=C4N3
4907109,0,CCCC1=CC(=O)OC2=C1C=CC(=C2C)OCC(=O)NCCN3CCOCC3
268975,0,CC1=CC=C(C=C1)S(=O)(=O)NC2=CC3=C(C=C2)N=CC=C3
7866524,0,C1=CC=NC(=C1)C(=O)OCC(=O)NC2=C(N=CC=C2)Cl
2207528,1,CCN(CC)S(=O)(=O)C1=CC=C(C=C1)NC(=O)C2=CC=C(C=C2)CN3CCOCC3
24747809,1,COC1=CC=C(C=C1)C2=C(C3=C(O2)C=CC(=C3)N4CCOCC4)C#CCO
2947946,0,CCNC1=C(C=CC(=C1)N2CCCC2)[N+](=O)[O-]
260168,1,C1CCCN(CC1)N=CC2=NC3=CC=CC=C3C=C2
948294,1,CC1=CC(=O)C2=CC=CC=C2N1CC(=O)NC3=CC=C(C=C3)OC
15945780,1,CC1=CC=C(C=C1)C2=CC(=[N+](O2)C)C3=CC=C(C=C3)C.[O-]Cl(=O)(=O)=O
16745538,1,CC1CC2C(C(C3(C1C4C(C3=O)O4)C)O)C(=C)C(=O)O2
16195114,0,CC1=CC=CC=C1NC2=NC(=NC3=CC=CC=C32)C4=CN=CC=C4.Cl
46903218,0,CC1=CC=C(C=C1)S(=O)(=O)N(CC#C)CC2C(C(CN3N2C(=O)C=CC3=O)OC(=O)NCC4=CC(=C(C=C4)OC)OC)OC(=O)NCC5=CC(=C(C=C5)OC)OC
51360490,1,CCC1CCCC(C(C(=O)OC(C(CC=C(C(=CC(=O)N(C(C(=O)N(C(C(=O)N(C(C(=O)N2CCCC2C(=O)N(C(C(=O)N3CCCC3C(=O)O1)C(C)C)C)COC)C)C(C)C)C)C(C)CC)C)OC)C)C)C)C)O
1954059,0,COC1=CC(=CC(=C1OC)OC)C(=O)NC2=CC=CC=C2N3CCN(CC3)S(=O)(=O)C
44143991,0,CC(=O)NC1=CC=C(C=C1)C2=CC(=O)CC(C2)(C)C
4973618,0,CC1=CC(=O)OC2=C1C=CC(=C2C)OCC(=O)NC3CC(NC(C3)(C)C)(C)C
1098513,0,CC(=O)N(C1=CC=C(C2=CC=CC=C21)OC(=O)C)S(=O)(=O)C3=CC=CC=C3
51359966,0,COC1=C(C=C(C=C1)C2=C(N3C=CC4=CC=CC=C4C3=N2)CC5=CC=CC=C5OC)OC
24982615,1,C1=CC=C(C=C1)NC2=CC=C(C=C2)OCC(=O)NC3=CC=NC=C3
46902868,1,CCC1=C(C=CC(=C1)C2=C(N(N=N2)CCC3COCCO3)CC)C4=CN(N=N4)CC5=CC6=CC=CC=C6C=C5
45480029,1,C1=CC=C(C=C1)C(=O)C2=CC=C(C=C2)OCC3=CN(N=N3)CC(=O)C4=CC=C(C=C4)O
3164814,0,CN1C(=NN=C1SCC(=O)NC2=CC=C(C=C2)N3CCOCC3)C4=CC=CO4
20970585,0,COC1=CC=CC=C1NC(=O)CN2CCN(CC2)CC(=O)NC3=CC=C(C=C3)S(=O)(=O)N
46948700,0,CC1(CCN1C(=O)CC2=C(C=C(C=C2)Cl)Cl)C(=O)NCC3=CC4=C(C=C3)OCO4
9566753,1,CC1=CC2=C(C=C1)NC3=C2N=NC(=N3)NN=CC4=CC(=CC=C4)O
3244154,0,CC(C(C1=CC=CS1)N2CCN(CC2)C3=CC=CC=C3F)NC(=O)C4=CC=CO4
24761597,1,CC1=C[N+](=C(C=C1)C=CC2=CC=C(C=C2)N(C)C)C.[I-]
5287620,1,CC1CCCC=CC2CC(CC2C(C=CC(=O)O1)O)O
2981865,1,CC1=CC(=NC(=N1)SCC(=O)NC2=CC(=C(C=C2)N3CCOCC3)Cl)C
2085043,0,C1CCC2(C1)C(=O)N(C(=O)N2)CC(=O)NCCC3=CC=C(C=C3)F
16282287,0,CCOC1=C(C=C(C=C1)CCNC(=O)COC(=O)C2=C(C=CC(=N2)Cl)Cl)OCC
4165410,1,C1=CC=C(C=C1)CNC(=O)C2=CC(=CC=C2)NC(=O)C3=CC=CC=C3
644417,0,CCOC1=CC=C(C=C1)NC(=O)CSC2=NC3=C(N2CCOC)N=CC=C3
2733867,1,CCN(CC)C1=CC2=[N+](C3=C(C=CC(=C3)N)N=C2C=C1)C4=CC=CC=C4.[Cl-]
2742284,1,CC1=CC(=C(N1C2=CC=CC=C2)C)C(=O)NC3=CC=C(C=C3)Cl
654198,0,CC1=C(C(=NO1)C2=C(C=CC=C2Cl)F)C(=O)NC3=CC=CC4=NSN=C43
5228434,0,CC1=CC(=C(C=C1)NC(=O)COC(=O)C(C(C)O)NS(=O)(=O)C2=CC=C(C=C2)Cl)Br
2621280,0,CC1=CC(=C(N1C2=CC3=C(C=C2)OCO3)C)C(=O)CSC4=NN=NN4C5=CC=CC=C5
3246719,0,CCC1(C2=C(COC1=O)C(=O)N3CC4=CC5=C(C=CC=C5NC(=O)CN)N=C4C3=C2)O.Cl
3730240,0,CCCC1=C(C2=NC3=CC=CC=C3N2C(=C1)NCC4CCCO4)C#N
3744539,0,CC1=CC2=C(C=C1)NC(=O)C3=C(O2)C=CC(=C3)NC(=O)CCl
3000691,1,CC(C1=NC=CC2=CC=CC=C21)NNC(=S)N3CCN(CC3)C4=CC=CC=N4
979681,0,CCOC1=C(C(=CC(=C1)CNC2=CC3=C(C=C2)OCCO3)Br)OC
2404824,0,CC(C)N(C1=CC=CC=C1)C2=CC=C(C=C2)NC(=O)CCl
135476824,1,COC1=CC=CC(=C1O)C=NNC2=C3C(=CSC3=NC=N2)C4=CC=CC=C4
54693363,0,COC1=CC=C(C=C1)CCNC(=O)CSC2=NC3=C(S2)C(=CC(=O)N3)O
16229721,0,COC1=CC(=C(C=C1)NC(=O)CN2C(=O)C3(CCCC4=CC=CC=C43)NC2=O)OC
5153388,0,CN1C=C(C(=N1)C(=O)OCC(=O)NC2=CC=C(C=C2)S(=O)(=O)N)Cl
4178087,0,CC1=CC=CC=C1NC(=S)NCC2=CC3=C(C=C2)NC4=C3CCCC4
663611,0,CC1(CC2=C(CO1)SC3=C2C(=NC(=N3)SC)SCC(=O)NCC4=CC=CO4)C
1757274,1,CC1=C(SC(=C1C(=O)OC)NC(=O)C2=CC(=CC=C2)[N+](=O)[O-])C(=O)N
46942664,0,CC(=O)NC1=CC(=CN2C1=NC=C2C3=CC(=C(C=C3)F)Cl)C4=CC=C(C=C4)S(=O)(=O)C
1545968,0,COC1=CC=C(C=C1)N2C(=C(SC2=S)C(=O)NCC3=CN=CC=C3)N
4112,0,CN(CC1=CN=C2C(=N1)C(=NC(=N2)N)N)C3=CC=C(C=C3)C(=O)NC(CCC(=O)O)C(=O)O
4868340,0,CN(CC1=CC=C(C=C1)OC)C(=O)CCl
44825723,1,CN(CC1=CC=CC=C1)C(=O)C2=CC=C(C=C2)NC(=O)CC3=CC=C(C=C3)NC(=O)C4CCCN(C4)C(=O)CCC5=CC=CC=C5
2576875,0,COC1=C(C=C2CN(CCC2=C1)C(=O)C3=CC(=O)C4=CC=CC=C4O3)OC
24011657,1,CC1C(C(C(C(O1)OC2CCC3(C4CCC5(C(CCC5(C4CCC3=C2)O)C6=COC(=O)C=C6)C)C)O)O)O
1072148,1,CC(=O)C1=C(C(=O)C2=CC=CC=C2C1=O)C3=CC=C(C=C3)Br
135455135,0,CCC1=C(N=C(NC1=O)SCC(=O)NC2=CC3=C(C=C2)OCCO3)C
125322,0,CC1C(C(CC(O1)OC2CC(CC3=C2C(=C4C(=C3O)C(=O)C5=C(C4=O)C(=CC=C5)OC)O)(C(=O)C)O)O)O
44537709,0,C1CC2=C(C1)C=C(C=C2)NC(=O)CSC3=NC4=C(C=C(C=C4)F)C(=O)N3C5=CC=CC=C5
3159246,0,CCN1C2=C(C=C(C=C2)NC(=O)CCl)OC1=O
24747853,0,C1C(ON=C1C2=CN=CC=C2)CN3C(=CC(=N3)C4=CC=CC=C4)C(=O)NCC5=CC(=CC=C5)C(F)(F)F
720645,1,C1=CC=C(C=C1)CNC2=NC=NC3=C2C=C(C=C3)Br
135521531,0,CC1=CC(=C(C=C1)C)NC(=O)CSC2=NC3=C(C=NN3)C(=O)N2
5393549,1,CC1=CC=C(C=C1)C(=O)NN=CC2=CC=C(S2)[N+](=O)[O-]
135421491,0,CC1=C(C2=CC=CC=C2N1)C=NNC3=CC=C(C=C3)[N+](=O)[O-]
5363794,1,CC1COC2(CC1OC(=O)C=CC3=CC=CC=C3)C4(CO4)C5CCC(CC5O2)C(=O)OC6C(C(C(C(O6)C)O)OC(=O)C)OC7C(C(C(C(O7)C)O)OC(=O)C)O
4680057,0,COC1=C(C=C2C3CC4=C(C=NN4C5=CC(=CC=C5)Cl)C(=O)N3CCC2=C1)OC
9444,1,C1=NC(=NC(=O)N1C2C(C(C(O2)CO)O)O)N
2536883,1,COC1=C(C=CC(=C1)SC)C(=O)NC2=NC3=CC=CC=C3N2
2113280,0,C1CCC(=NCC1)NS(=O)(=O)C2=CC=C(C=C2)NC(=O)CCl
18580770,0,COC1=CC(=C(C=C1)NC(=O)CSC2=NN=C(C(=O)N2N)CC3=CC=CC=C3)OC
395175,1,C[N+]1=C(C=C2N1C3=CC=CC=C3C2=CC4=C(C=C(C=C4)N(C)C)OC)C5=CC=CC=C5.C(F)(F)(F)S(=O)(=O)[O-]
53299836,0,CCS(=O)(=O)N1CC2=CC(=NC(=C2C1CCO)C3=CC=CC(=C3)C4=CN=CC=C4)C(=O)NCC5CC5
16682221,1,CCCCCCCCCCN1C=CC(=N)C=C1.Br
960954,1,CC(C)(C)C(=O)NC1=CC2=NN(N=C2C=C1Cl)C3=CC=CC=C3
854418,1,COC1=CC=CC=C1C(=O)NC2=NC3=CC=CC=C3N2
16955,1,CCN(CC)C1=CC=C(C=C1)C(=C2C=CC(=[N+](CC)CC)C=C2)C3=CC=C(C=C3)N(CC)CC.[Cl-]
6895734,0,CC1=CC=CC=C1C(=O)NN=CC2=CC=C(S2)[N+](=O)[O-]
16189663,0,CC1=CC(=C(C=C1NC(=O)CN2C=CSC2=N)OC)[N+](=O)[O-].Cl
266923,1,C1=CC2=C(C(=O)C(=C(C2=O)N)Br)N=C1
928277,1,C1CC2=NC3=C(CN2C1)C=C(C=C3)Br
893207,1,CC1=C(C(=CC=C1)OCC(=O)NC2=CC=NC=C2)C
12005581,1,CCCCCOC1=C(C=C(C=C1)Br)CSC(=N)N.Cl
46948385,1,CC1=C(SC(=O)N1CC2=CC(=C(C=C2)F)Cl)C(=O)NC3=CC(=C(C=C3)OC)OC
3311355,1,CC1=C(SC(=C1C(C2=CN=CC=C2)N3CCN(CC3)C4=CC=C(C=C4)F)NC(=O)C5=CC=CO5)C
93149,1,CC1=C2C=CC3=C(C2=NC=C1)N=CC=C3
181390,1,CC1CCOC(=O)C=CC=CC(=O)OC2CC3C4(C2(C5(CCC6(C(C5O3)O6)C)COC(=O)C1O)C)CO4
3116196,0,CC1=C(C=C(C=C1[N+](=O)[O-])C(=O)NC2=CC=C(C=C2)CC3=CC=NC=C3)[N+](=O)[O-]
2523069,0,CC1=C(C=CC(=C1)Br)NC(=O)CN2C(=O)CCC2=O
6364517,1,CCN1C2=CC=CC=C2SC1=CC(=CC3=[N+](C4=CC=CC=C4S3)CC)C.[I-]
49795520,0,CC1(CCN1CC2=CC3=CC=CC=C3C=C2)C(=O)NCCOC4=CC=C(C=C4)OC
3716555,0,COC1=CC2=C(C=C1)C(N(CC2)C(=O)CCl)C3C(=O)CCCC3=O
555237,0,C1=CC=C(C=C1)N2C(=C3C=CC(=CC3=[N+]2[O-])[N+](=O)[O-])C#N
880868,0,C1=CC=C2C(=C1)C(=CN2CC3=CC=C(C=C3)C#N)C=O
1304231,0,C1COCCN1C(=O)C2=CC=C(C=C2)NC(=O)C3=CC(=CC=C3)[N+](=O)[O-]
2199,1,CC(=O)OC1C(CNC1CC2=CC=C(C=C2)OC)O
3948273,0,C1COC2=C(O1)C=CC(=C2)NC(=O)COC(=O)C3=CC=C(O3)Br
16196147,1,COC1=CC=CC=C1N2C3=[N+](C=C2C4=CC=CC=C4)C5=CC=CC=C5CC3.[Br-]
2175947,1,CCC1CC(=CC2=CN=CC=C2)C(=O)C(=CC3=CN=CC=C3)C1
2049751,0,CC1=NN=C(N(C1=O)N)SCC(=O)NC2=CC=C(C=C2)Br
12006268,1,CCOC1=CC2=C(C=C1)[N+](=C(S2)N)CC3=CC(=CC4=C3N=CC=C4)C.[Br-]
46948660,1,COC1=C(C=C(C=C1)Cl)C2=NNC(=C2)C(=O)NC3=CC(=C(C=C3)OC)OC
20917974,1,CCC1=CC=CC=C1NC2=NN3C(=O)C4=C(C=C(C=C4)C(=O)NCC5=CC=CC=N5)N=C3S2
22524940,1,CCC1=CC=C(C=C1)S(=O)(=O)N=C2C=C(C(=O)C3=CC=CC=C32)NC4=CC=C(C=C4)O
3116398,0,C1=CC=C(C(=C1)C2=NC3=C(O2)C=CC(=C3)NC(=O)C4=CC=C(O4)[N+](=O)[O-])F
5328015,1,COC1=CC=C(C=C1)CNC2=NC=NC3=CC=CC=C32
24980351,0,CCCN1C2=CC=CC=C2N=C1NC(=O)C3=CC=C(O3)[N+](=O)[O-]
17757095,0,CC1=C(SC=C1)CNC2=NC=NC3=C2C=C(C=C3)C4=C(ON=C4C)C
66541,1,CN1C2=NC(=O)N(C(=O)C2=NC=N1)C
864329,1,C1CCC(CC1)C2=CC=C(C=C2)NC(=O)CSCC(=O)O
882562,0,COC1=CC=C(C=C1)S(=O)(=O)NC2=CC=C(C=C2)CC#N
3256325,1,CC1=CC=CN2C1=NC3=C(C2=O)C=C(C(=N)N3CC4=CC=C(C=C4)F)C(=O)NCCN5CCOCC5
2161148,0,CCOC(=O)C1=C(NC(=C1C)C(=O)COC(=O)C=CC2=CC3=C(C=C2)OCO3)C
2803102,1,C1CCN(CC1)S(=O)(=O)C2=CC=C(C=C2)NC(=S)NCC3=CN=CC=C3
9586790,0,CC1=CC(=C(C=C1)C(=O)ON=C(C2=CC=CC=N2)N)Cl
644590,0,CC1=CC=C(C=C1)CNC2=CC=C(C=C2)N3CCN(CC3)C(=O)C
2302047,1,COC1=CC=CC=C1N2C(=NN=N2)S(=O)(=O)CC3=CC=C(C=C3)Cl
45281159,1,CN(C)CCC(=O)N1CC(=CC2=CC=CC=C2)C(=O)C(=CC3=CC=CC=C3)C1.Cl
1504737,1,CC1=C(C(=O)N(N1C)C2=CC=C(C=C2)S(=O)(=O)NCC3=CC=CC=C3)C(C)C
6540209,0,CC1=CC2=C(C(=C1C3=CC=C(C=C3)N(C)C)C)C(=CC(=O)O2)C4=CC=CC=C4
3142805,0,CC1=CC(=C(C=C1C)O)NC(=O)C2=C(C=CC(=C2)[N+](=O)[O-])Cl
5767688,1,C1=CC=C(C=C1)S(=O)(=O)C(=CC2=CC=C(O2)C3=CC=C(C=C3)Cl)C(=O)NCC4=CN=CC=C4
856019,0,C1=CC2=C(C=CC=N2)C(=C1)NC(=O)CCl
3242209,0,C1CN(CCN1CC(=O)NC2=CC3=C(C=C2)OCCO3)S(=O)(=O)C4=C(C=CC(=C4)Cl)Cl
1472216,1,COC1=NC=C(C=C1)NC(=O)C(=C(S(=O)CC2=CC=CC=C2)Cl)Cl
6900364,0,CCN(CC1=CC=CC=C1)C2=CC=C(C=C2)C=NNC(=O)C3=CC(=CC=C3)S(=O)(=O)N4CCOCC4
135472870,0,COC1=C(C(=NC=C1)OC2=CC=CC=C2)C(=O)NC=NOCC3=CC=CC=C3F
380564,0,CC1C(C2=CC3=C(C=C2OC1N4CCOCC4)OCO3)C5=C(C(=CC=C5)OC)O
1163944,0,COC(=O)C1=CC=C(C=C1)NC(=O)CSC2=NN=CN2C3=CN=CC=C3
5346576,0,CCOC1=C(C=CC(=C1)C=NN2C(=NN=N2)N)OCC3=[N+](ON=C3C)[O-]
367095,1,C1=CC=C(C=C1)C(=CC2=CC(=CC=C2)C#N)C(=O)C3=CC=CC=C3
262537,1,COC1=CC(=CC(=C1OC)OC)C=CC(=O)C2=CC(=C(C(=C2)OC)OC)OC
6494320,0,CCCC1=NN=C(O1)SCC(=O)NC2=CC=C(C=C2)C(=O)OCC
24761154,1,CC1=CC2=C(C=C1)N(C(=C2C=CC3=CC=[N+](C=C3)C)C)C.[I-]
659499,0,C1=CC2=C(C=C1N)N=C(O2)C3=C(C=CC(=C3)Br)Cl
16335602,1,CC1=CC(=C(C=C1)NC(=O)CSC2=CC3=C(C=C2)OCCO3)O
992688,1,CC1=CC=C(C=C1)N2C(=NN=N2)SCC3=CC(=C(C(=C3)OC)OC)OC
46903543,0,CC1CN(S(=O)(=O)C2=C(C=C(C=C2)C3=CC=CC=C3F)OC1CN(C)CC4=CC=NC=C4)C(C)CO
3236714,0,C1CCC(CC1)N2CC3=C(C2=O)C(=CC=C3)C(=O)NCC4=CN=CC=C4
22324,1,CCCCCCCCCCCCCCCC[N+]1=CC=CC=C1.O.[Cl-]
24792118,1,C1CN(CCC1OC2=CC=C(C=C2)C(=O)NCCOC3=CN=CC=C3)CC4=CC=CC=N4
9566278,0,CC1=C(C(=NO1)C2=C(C=CC=C2Cl)F)C(=O)ON=C(C3=CC=C(O3)[N+](=O)[O-])N
5717644,1,CC(=NNC(=S)N)C12CC3CC(C1)CC(C3)C2
1880649,1,CC1=C(C(=NO1)C2=CC=CC=C2)C(=O)NC(=S)NNC(=O)C3=CC=CC=C3O
12477066,1,C1=CC=C(C=C1)C2=CC(=[N+](C(=C2)C3=CC=CC=C3)C4=CC=CC=C4)C5=CC=CC=C5.[O-]Cl(=O)(=O)=O
3244475,0,COC1=CC=C(C=C1)S(=O)(=O)N2CCCN(CC2)CC(=O)NC3=CC(=C(C=C3)OC)Cl
4332662,1,CCCOC(C1=CC=CC=C1)(C2=CC=C(C=C2)C(F)(F)F)C(C(=O)O)OC3=NC(=CC(=N3)C)C
7951074,0,CC(C)(C(=O)OCC(=O)NCCC1=CC=CC=C1)OC2=CC=C(C=C2)Cl
17253733,0,CN1C(=CC(=NS1(=O)=O)C2=CC(=C(C=C2)OC)OC)C(=O)NC3=CC=C(C=C3)OC
6540221,0,CC1=CC2=C(C(=C1C3=C(C=CS3)C(=O)C)C)C(=CC(=O)O2)C4=CC=CC=C4
4905846,0,CCCC1=CC(=O)OC2=C1C(=CC(=C2)C)OCC(=O)NC3CC3
3725036,1,CC1=CC(=C(C=C1)NC2=NC(=NC(=N2)N)CCl)C
15945234,0,C1COCCN1C2=CC=C(C=C2)NC(=O)COC(=O)C(CCC(=O)N)NC(=O)C3=CC=C(C=C3)F
16806362,0,CC(C)N1CCC2=C(C1)SC(=C2C(=O)N)NC(=O)C3=CC=C(O3)[N+](=O)[O-].Cl
685884,0,CC(=O)NC1=NC=C(S1)CC2=C(C=CC(=C2)Cl)Cl
3317655,1,CC(=O)OC1=CC=C(C=C1)C2=CC=C(C=C2)C(=O)NC3=CC(=CC=C3)S(=O)(=O)N4CCOCC4
51361442,1,CCC(C)C1C(=O)NC2CSSCC(C(=O)NC(C(=O)NC(C(=O)N1)CC(C)C)C(C)C)NC2=O
135512398,0,CC1=NN=C(NC1=O)SCC(=O)NC2=C(C3=C(S2)CCCC3)C(=O)N
8069390,0,CC1=CC2=C(C(=CC(=O)O2)C)C(=C1)OCC(=O)NC3=NC=CS3
16406758,1,CC1(CC(=O)C2=C(C=C(C=C2O1)OCC(=O)NC3=CC(=C(C(=C3)OC)OC)OC)O)C
9663906,0,CC(=NNC(=S)N)C1=CC=C(C=C1)N2C=CN=C2
24789873,1,CCN1C2=C(C=C(C(=C2)NC(=O)C3=CC=CC=C3OCC)N4CCCC4)N(C1=O)CC
796436,0,CC1=C(C(=CC=C1)NC(=O)C2=CC=C(O2)[N+](=O)[O-])C
264160,0,CC1CC(=CC2=CC=C(C=C2)N)C(=O)O1
5791766,1,CC1=CC(=C(C=C1C)S(=O)(=O)N=C2C=C(C(=O)C3=CC=CC=C32)SC4=NC=NN4)C
3832,1,C1=COC(=C1)CNC2=C3C(=NC=N2)N(C=N3)C4C(C(C(O4)CO)O)O
2789467,0,C1=CC=C2C(=C1)C(=NC(=N2)C3=CC=CC=C3Cl)NC4=CC(=CC=C4)O.Cl
17838235,1,C1=CC(=C(C=C1Cl)Cl)CC(=O)NC2=CC=NC=C2
4840549,0,CC1=C(C=C(C=C1)NC(=O)C2=CC=C(O2)[N+](=O)[O-])S(=O)(=O)N3CCOCC3
661707,0,COC1=CC(=C(C=C1)NC(=O)CSC2=C(C(C3=C(N2)CCCC3=O)C4=CC=CO4)C#N)OC
5739396,0,COC1=CC=C(C=C1)C=CC2=NC3=CC=CC=C3C(=O)O2
4412278,1,CC1(CC2CC(C1)(CN2S(=O)(=O)C3=CC=C(C=C3)C(=O)NC4=CC=C(C=C4)S(=O)(=O)N5CCOCC5)C)C
665706,0,C1CC2=C(C1)NN=C2C3=NN=C4N3N=C(CS4)C5=CC=CC=C5
4965514,0,C1=CC=C(C=C1)C2=CC(=O)OC3=C2C=CC(=C3)OCC(=O)NCCCN4C=CN=C4
12005596,1,CCCCCCCCCCCC[N+](C)(C)CC#CC.[Br-]
659230,0,COC1=C(C2=C(C=C1)C3N(C2=O)C4=CC=CC=C4C(=O)N3C5=CC=CC=C5F)OC
1342143,0,COC1=CC=CC=C1N2CCN(CC2)CC3=CC(=C(C4=C3C=CC=N4)O)Br
24685928,0,CCOC1=C(C=C(C=C1)CCNC(=O)COC(=O)COC2=CC=C(C=C2)Br)OCC
2323706,1,CC(C)CCOC1=CC(=CC=C1)OCC(=O)NC2=CC=NC=C2
1073957,0,CC(C)CCC1=C(N=C(NC1=O)SCC(=O)NCCC2=CC(=C(C=C2)OC)OC)O
16196053,0,CC(C)NC(=O)CN1CCN(CC1)C(=O)CCl.Cl
3160952,0,CC1=C(C2=NSN=C2C=C1)NC(=O)C3=CC=C(O3)[N+](=O)[O-]
707760,0,CCC1=CC(=O)OC2=CC3=C(C=C12)C(=CO3)C4=CC(=C(C=C4)OC)F
2314215,1,C1CN(CCC1C(=O)NC2=NC=C(C=C2)Br)S(=O)(=O)C3=CC=CS3
1113672,0,C1COCCN1C2=NC(=NC(=N2)NC3=CC(=CC=C3)O)N4CCOCC4
1086218,0,CCC1=NC(=C(C=C1C)C#N)SCC(=O)N2CCC3=CC(=C(C=C3C2)OC)OC
738196,0,C1COCCN1C2=NC(=NC(=N2)N3C=CC=N3)N4CCOCC4
6858650,0,CCN1C2=C(C=C(C=C2)C=NN3C=NN=C3)C4=CC=CC=C41
3188539,1,CCN(CC)S(=O)(=O)C1=CC=C(C=C1)S(=O)(=O)N2CCCC(C2)C(=O)OCC
5129136,0,CC(=O)N1CCC2=C(C1)SC(=C2C(=O)N)NC(=O)C3=CC=C(O3)[N+](=O)[O-]
16196135,1,CN(C)C1=CC=C(C=C1)[N+]2=C(C=C(C=C2C3=CC=CC=C3)C4=CC=CC=C4)C5=CC=CC=C5.[O-]Cl(=O)(=O)=O
170158,0,CC1=CC(=C(C=C1)NC(=O)CCl)C
2111906,0,CC1=CC(=C(N1C2=CC=CC=C2F)C)C(=O)CSC3=CC=C(C=C3)NC(=O)C
2948568,0,CCN1CCN(CC1)C2=C(C=C(C(=C2)N3CCCC3)[N+](=O)[O-])F
3147386,0,CC(=O)NC1=CC=C(C=C1)NC(=O)CSC2=NC3=CC=CC=C3C(=O)N2CCOC
16244818,0,C1=CC(=CC=C1NC(=O)CN2C=CSC2=N)S(=O)(=O)N.Cl
25161846,0,CC(C(=O)OCC(=O)NCCC1=CC=CC=C1)OC2=CC=C(C=C2)C(=O)C
645210,1,CC1=C(C(NC(=O)N1)C2=CC=C(C=C2)F)C(=O)OCC3=CC4=C(C=C3)OCO4
5115067,1,C1C(OC2=CC=CC=C2O1)CNC3=C4C(=CSC4=NC=N3)C5=CC=CC=C5
979428,0,CC(C)(C)NC(=O)COC1=C(C=C(C=C1)CNC2=CC=C(C=C2)CNC3=NC=NN3)OC
2980954,0,C1CN(CCN1C2=CC=C(C=C2)NC(=O)C3=CC=C(O3)[N+](=O)[O-])C(=O)C4=CC=CC=C4
744850,0,CCN(CC)C(=O)COC1=CC(=CC2=C1C3=C(CCCC3)C(=O)O2)C
657154,1,CC1=CC=C(C=C1)S(=O)(=O)NC2=CC=CC=C2C(=O)NC3=NC(=CS3)C4=CC=C(C=C4)F
2799295,0,CC1=C(C(=NO1)NC(=O)C2=CC=C(O2)[N+](=O)[O-])Br
4961984,0,CCN(CC1=CC(=C(C=C1)OC)F)C(=O)CCl
1260111,0,CC(=O)C1=CC=C(C=C1)NC(=O)COC2=CC=CC=C2C(=O)NC3=CC=CC=C3
16192748,0,C1=CC2=C(C=CC(=C2N=C1)N)Br.Cl
2309197,0,C1COCCN1S(=O)(=O)C2=CC=C(C=C2)NC(=O)C3=CC=C(O3)[N+](=O)[O-]
135582343,0,C1=CC=C(C=C1)C(=CC2=C3C(=NC=N2)N(C=N3)C4C(C(C(O4)CO)O)O)O
24240004,1,CCOC1=C(C=CC(=C1)C=C2C(=O)N(C(=N2)SC(C)C(=O)N)C3=CC=C(C=C3)OC(F)F)O
44144286,1,CC12CCC(CC1CCC3C2CCC4(C3(CC(C4C5=CC(=O)OC5)O)O)C)O
167666,0,CC1=CC(=C(C(=C1C(=O)OC2=C(C(=C(C(=C2)C)C(=O)O)O)C)O)C)OC
1331247,1,C1=CC=C(C=C1)CNC(=O)C2=CC(=CC=C2)NC(=O)C3=CC=CO3
843285,0,CC(=NOC1=CC(=CC(=C1)[N+](=O)[O-])NC(=O)CCl)C
2831792,1,CCCCCN1C2=C(CCC2)C(=N)C3=CC=CC=C31.I
49795375,0,CC(C1=CC(=CC=C1)OC)(C2=NC(=CS2)C3=CC=CC(=C3)C#N)O
9551998,1,CC1=CC=C(C=C1)N2C3=[N+](C=C2C4=CC=C(C=C4)Br)C5=C(CC3)C=CC6=C5N=CC=C6.[Br-]
650445,0,COC1=CC2=CC(=C(N=C2C=C1)N3CCC(CC3)O)C#N
3436736,1,COC1=C(C=C(C=C1)CC(=O)NC2=CC(=CC=C2)S(=O)(=O)N3CCCCCC3)OC
434381,1,C1OC2=C(O1)C=C3C(=C2)C4=CC(C(C(C4NC3=O)O)O)O
24761242,0,CC1=C(C(=NO1)C2=CC(=C(C(=C2)OC)OC)OC)C3=CN=C(C=C3)N(C)C
24981296,0,C1=CC(=C(C=C1C(F)(F)F)NC(=O)C2=CC=C(O2)[N+](=O)[O-])N3C=NC=N3
1811598,1,CN(C1=CC=CC=C1)C(=O)COC2=CC=CC=C2C(=O)NCCOC3=CC=CC=C3
4108686,0,CC1CCCC(N1C(=O)COC(=O)CCC2CCCC2)C
4109389,1,CC1=CC(=CC(=C1)NS(=O)(=O)C2=CC3=C(C=C2)N(C(=O)N(C3=O)C)C)C
2444994,0,CCN1C2=C(C(=C(S2)C(=O)C3=C(C=CC(=C3)F)F)N)C(=O)NC1=O
135431331,0,C1=CC=C(C=C1)C2=NC(=C(C(=O)N2)N=O)N
5381484,0,CC1=CC(=O)OC2=C1C(=CC(=C2)O)OCC3=CC=CC=C3
24747913,1,CC1=CC2=C(C=C1C)SC3=C(C2=O)C=C(C=C3)C#CC4(CCCCC4)O
795858,0,C1CCCN(CC1)C2=CC=C(C=C2)NC(=O)CCl
2958734,1,CC1CC2=CC=CC=C2N1C3=NC=NC(=C3[N+](=O)[O-])N
72810,1,C1=CC2=C(C3=C(C=CC=N3)C(=O)C2=O)N=C1
4900934,0,C1CCC2=C(C1)C3=C(C=C(C=C3)OCC(=O)NCCN4CCOCC4)OC2=O
6495323,0,CC1=CC(=C(C=C1)NC(=O)CSC2=NN=C(N2C)CNC(=O)C3=CC=CO3)C
395179,1,CCOC(=O)C1=[N+](N2C3=CC=CC=C3C(=CC4=CC=C(C=C4)N(C)C)C2=C1)C.C(F)(F)(F)S(=O)(=O)[O-]
24891929,0,COCCN1C(=O)C2=C(C3=CC=CC=C3N2)N=C1SCC(=O)NC4=CC=C(C=C4)C(=O)N
135482421,0,CC1=CC(=C(N1CCOC)C)C2=NNC(=NC3=CC=CC=C3)SC2
72438,1,CCC1=C(C(=NC(=N1)N)N)C2=CC(=C(C=C2)N(C)CC3=CC=CC=C3)[N+](=O)[O-]
16423676,0,CC1=C(C(=O)OC2=C1C=CC(=C2)OCC(=O)N3CCN(CC3)C(=O)C4COC5=CC=CC=C5O4)C
4407764,1,COC1=C(C=C(C=C1)C(=O)NC2=CN(N=C2)CC3=CC=C(C=C3)Cl)OC
3678007,0,CC(C1=CC=CC=C1Br)NC(=O)CCl
3674517,0,C1=CC(=CC=C1N)NC2=C(C=NC=C2)[N+](=O)[O-]
2366523,0,COC1=C(C=C(C=C1)NC(=O)CN2C(=O)C3(CCCC3)NC2=O)Cl
24687659,0,CC(=O)NC1=CC=CC(=C1)C(=O)OCC(=O)N2CCN(CC2)C(=O)COC(=O)C3=CC(=CC=C3)NC(=O)C
3631689,0,C1=CC=C(C(=C1)N)NC2=C(C=NC=C2)[N+](=O)[O-]
46903217,1,CC1=CC=C(C=C1)S(=O)(=O)N(CC#C)CC2C(C(CN3N2C(=O)C=CC3=O)OC(=O)NC4=CC=CS4)OC(=O)NC5=CC=CS5
45280986,1,COC1=C(C=C(C=C1)C=C2CSCC(=CC3=CC(=C(C=C3)OC)OC)C2=O)OC
651074,0,CCOC(=O)C1=CC2=C(N1CC(=O)NC3=CC4=C(C=C3)OCCO4)C=CS2
230487,0,C1=CC=C2C(=C1)C=CC(=N2)C(C3=C(C=CC=C3Cl)Cl)O
9568956,0,CC(=NNC1=C(C=CC(=C1)C(F)(F)F)Cl)C2=CN=CC=C2
243725,1,CC(C)C1CC2=C(O1)C=CC3=C2OC4COC5=CC(=C(C=C5C4C3=O)OC)OC
2851202,0,CC1=C(C=CC(=C1)[N+](=O)[O-])NCC2=CC3=CC=CC=C3C=C2
9635063,1,CCCC(=O)NC1=CC=C(C=C1)C(=O)NN=CC2=CC=C(O2)[N+](=O)[O-]
51361441,1,CC(=O)OC1CCC(C2C1(C3CCC4CC3(C(C2)O)C(=O)C4=C)C)(C)C(=O)OC
310860,1,C1=CC=C2C(=C1)C=C(C(=O)O2)C3=CC=C(C=C3)N
1104204,0,CC1=C(C=CC=C1NC(=O)C2=CC=C(O2)[N+](=O)[O-])C3=NC4=C(O3)C=CC=N4
3157186,0,CCCC1=C(C2=NC3=CC=CC=C3N2C(=C1)NCCOCCO)C#N
9535910,0,C1CN(CCN1C2=NC=CC=N2)C(=O)C3=CC=C(S3)[N+](=O)[O-]
4909772,0,C1COCCN1CCNC(=O)COC2=C(C=C3C(=CC(=O)OC3=C2)C4=CC=CC=C4)Cl
12004547,1,COC1=CC2=NC3=C(C=C2C=C1)C(=NN3C(=O)C4=CC=CC=C4[N+](=O)[O-])N
5310342,0,C1=CC=C(C=C1)CCNC(=O)CN2C=NC3=C(C2=O)N=NN3C4=CC=CC=C4
4872337,1,C1CCC(CC1)NC2=NC(=NC(=C2[N+](=O)[O-])N)NCCCN
1104217,0,C1=CC(=CN=C1)C2=NC3=C(O2)C=CC(=C3)NC(=O)C4=CC=C(O4)[N+](=O)[O-]
1256424,0,C1CN(CCN1C2=CC=C(C=C2)NC(=O)C3=CC=C(O3)[N+](=O)[O-])C(=O)C4=CC=CS4
240739,1,C1=CC2=C(C=C1S(=O)(=O)N)C(=O)C(=C(C2=O)Cl)N
280522,1,CCS(=O)(=O)O.CC1(N=C(N=C(N1C2=CC=C(C=C2)CCCCC3=CC=CC=C3)N)N)C
3164003,0,CC(C)(C)C(=O)N1CCN(CC1)C2=CC=C(C=C2)NC(=O)C3=CC=C(O3)[N+](=O)[O-]
707701,0,CCCC1=CC(=O)OC2=C1C=C3C(=C(OC3=C2)C)C
1194328,0,CC1=CC(=C(N1C2=CC=CC=C2)C)C(=O)CSC3=NN=C4N3C=CC=C4
2140576,1,CC1=CC=C(C=C1)S(=O)(=O)NC2=CC(=C(C3=C2C=CC=N3)O)Cl
3240004,0,CC1=C(C(=NN1CC2=CC=C(C=C2)Cl)C)NC(=O)C3=NOC4=C3CCCCC4
1505905,0,CC1=C(C=CC=C1F)NS(=O)(=O)C2=CC=C(C=C2)N3CCCC3=O
49778835,1,COC1=C(C=C(C=C1)CNC(=O)C2=CC=CC3=C2OC=C3C4=CN=CC=C4)OC
3716222,0,CNC(=O)C1=CC=CN(C1=O)CC2=CC=C(C=C2)C(F)(F)F
6875173,0,CC1=C(SC=C1C(=O)NN=CC2=CC=C(O2)[N+](=O)[O-])C
42628600,1,CC1C(CC2CC(NC3=NCC1N23)C(C4=CC(=O)NC(=O)N4)O)OS(=O)(=O)O
327045,1,C1CCN(C1)CCN2C(=O)C3=CC=CC4=CC(=CC(=C43)C2=O)[N+](=O)[O-]
1307598,0,C1COCCN1CCNC2=C3C=NN(C3=NC=N2)C4=CC=C(C=C4)Cl
44825859,1,C1C2=CN=NN2C3=CC=CC=C3C(N1CC4=CC(=CC(=C4)Cl)Cl)C#N
72402,1,CCC1(C2=C(COC1=O)C(=O)N3CC4=CC5=C(C=CC=C5N=C4C3=C2)N)O
